Jahr;Damodaran_Branche;Trailing_KGV;Forward_KGV
2015;Advertising;30.34991275950363;27.524427784699913
2015;Aerospace/Defense;31.14651593527499;30.907495587475797
2015;Air Transport;28.107377642706137;14.418413170031178
2015;Apparel;27.81937268789272;23.92559645772038
2015;Auto & Truck;15.063005589562412;29.568844280310817
2015;Auto Parts;20.351435247449594;16.56610294673099
2015;Bank (Money Center);17.260856638667185;14.782697774397166
2015;Banks (Regional);47.60195097818428;16.81415788886514
2015;Beverage (Alcoholic);32.93415750816666;27.464563481536377
2015;Beverage (Soft);36.735952428100845;30.439700501466373
2015;Broadcasting;24.78747985473892;19.54566566849629
2015;Brokerage & Investment Banking;33.181104185934075;21.568123401297125
2015;Building Materials;32.82821496697679;23.835493718645026
2015;Business & Consumer Services;91.6679217574868;27.277480730547204
2015;Cable TV;55.66834274999;51.20413620142799
2015;Chemical (Basic);35.40381336944377;14.366204474488953
2015;Chemical (Diversified);18.396311322106037;14.369846511880947
2015;Chemical (Specialty);23.730990739641;23.71249054000941
2015;Coal & Related Energy;11.39652513310583;38.17231445501562
2015;Computer Services;21.257996103527084;32.12501719019244
2015;Computers/Peripherals;47.1298150091576;22.869935799632593
2015;Construction Supplies;24.732412780630476;16.770057015633004
2015;Diversified;22.779424759066323;26.24053230225586
2015;Drugs (Biotechnology);223.0220951589564;42.476835165516505
2015;Drugs (Pharmaceutical);49.12735876497275;44.5148399552261
2015;Education;1476.1006461646762;43.94391375043799
2015;Electrical Equipment;28.83510236059471;29.41285817230315
2015;Electronics (Consumer & Office);53.39499071498319;25.93683543551365
2015;Electronics (General);59.062837444925485;44.271378974143715
2015;Engineering/Construction;26.668745070787217;16.728995239241737
2015;Entertainment;41.746503537682216;45.615066872274454
2015;Environmental & Waste Services;63.60706314846899;53.073037667928205
2015;Farming/Agriculture;30.172576970330223;25.35090094318073
2015;Financial Svcs. (Non-bank & Insurance);66.14080141012536;19.510393638250317
2015;Food Processing;26.865194392325055;22.96503357427432
2015;Food Wholesalers;29.917006449086053;20.951582746896225
2015;Furn/Home Furnishings;24.80906719251631;17.46741704046232
2015;Green & Renewable Energy;20.9773760830748;29.19999510732624
2015;Healthcare Products;76.44867612164965;77.9903259063771
2015;Healthcare Support Services;60.09855162262106;26.04666585511628
2015;Heathcare Information and Technology;254.40404321723776;33.32326166831592
2015;Homebuilding;22.846371659232904;20.695915643300214
2015;Hospitals/Healthcare Facilities;52.8861987961272;29.64063749246712
2015;Hotel/Gaming;28.370222400583277;26.355735476068173
2015;Household Products;67.11068725063762;19.204247677235735
2015;Information Services;50.40163917043488;18.171382558998697
2015;Insurance (General);43.71555925114866;16.546394412728546
2015;Insurance (Life);20.030632186556993;16.77149811855493
2015;Insurance (Prop/Cas.);17.67724120122075;15.624862359661511
2015;Investments & Asset Management;19.04705886352148;14.979689999989295
2015;Machinery;161.09430108553883;25.617628509566277
2015;Metals & Mining;25.79887828636039;24.761510792976104
2015;Office Equipment & Services;19.677453953429676;16.815318073860563
2015;Oil/Gas (Integrated);9.467885512103408;26.68515336521599
2015;Oil/Gas (Production and Exploration);29.392722333475803;39.19309791581385
2015;Oil/Gas Distribution;113.53082791376823;35.17137956471586
2015;Oilfield Svcs/Equip.;18.396571965966135;24.05313891200699
2015;Packaging & Container;26.991075092520035;18.153713867619828
2015;Paper/Forest Products;36.87055306723027;24.569072394039225
2015;Power;22.02536554186723;18.238491660570254
2015;Precious Metals;17.86984041284156;21.25710133733016
2015;Publishing & Newspapers;53.609538013423666;23.999807305957408
2015;R.E.I.T.;43.45186928231626;59.97494305919582
2015;Real Estate (Development);147.1763481396479;36.619491360900795
2015;Real Estate (General/Diversified);70.45318989940046;61.95562866642297
2015;Real Estate (Operations & Services);48.959980183839974;23.452460289012485
2015;Recreation;32.939294646722026;21.33677880619928
2015;Reinsurance;13.28229756232104;13.479105719761929
2015;Restaurant/Dining;40.52575198573701;47.932515986653605
2015;Retail (Automotive);19.443571462972177;19.28583432002477
2015;Retail (Building Supply);29.90174397589093;23.646112561703568
2015;Retail (Distributors);29.237454368053292;19.91583461027675
2015;Retail (General);27.651478137756804;22.9568294695992
2015;Retail (Grocery and Food);31.827402782747395;33.07485903529464
2015;Retail (Online);59.45705007583868;261.704934600892
2015;Retail (Special Lines);35.58762296037234;20.67288571080692
2015;Rubber& Tires;13.700248152661096;10.922977346278318
2015;Semiconductor;92.99813662335087;23.790124274708905
2015;Semiconductor Equip;48.989048445636506;46.72099507634436
2015;Shipbuilding & Marine;13.39390006695256;27.404064695826836
2015;Shoe;21.87859059783223;19.447773453992575
2015;Software (Entertainment);48.14054249250127;56.474702193251346
2015;Software (Internet);157.2077479636363;146.4792753042158
2015;Software (System & Application);85.7313770908818;74.45258881700053
2015;Steel;52.013633681027954;35.50975363783207
2015;Telecom (Wireless);66.01611288449217;24.36467574885729
2015;Telecom. Equipment;77.3675902084319;31.527256985378276
2015;Telecom. Services;32.004401705776345;99.32844276734642
2015;Tobacco;19.91578510094489;28.33294025080201
2015;Transportation;25.1071037607927;27.20122316372732
2015;Transportation (Railroads);25.80585386098045;18.650258414854516
2015;Trucking;27.838889472326866;23.777712422635087
2015;Unclassified;18.868512426900583;
2015;Utility (General);20.118933296020487;18.85265897054972
2015;Utility (Water);19.805358602049076;39.553213778503995
2015;Total Market;60.49147814738052;35.251905938629854
2016;Advertising;110.60536744471388;20.556237039253705
2016;Aerospace/Defense;31.254281922655817;35.63725336188379
2016;Air Transport;12.011711164920712;11.78707158871658
2016;Apparel;18.418072713863307;19.545270883183143
2016;Auto & Truck;12.186723368247414;46.52927696214038
2016;Auto Parts;254.73693131655708;15.435456875283055
2016;Bank (Money Center);13.433615754573914;11.85965540507163
2016;Banks (Regional);18.154892666628836;15.809975993898597
2016;Beverage (Alcoholic);38.20156049113593;27.474578822328787
2016;Beverage (Soft);39.01998627734911;29.88721854527002
2016;Broadcasting;24.16357566730734;17.47511497754794
2016;Brokerage & Investment Banking;43.7817063538021;16.58280798281562
2016;Building Materials;28.88049327885445;19.018773219813937
2016;Business & Consumer Services;25.69647708843414;30.72951373875442
2016;Cable TV;29.37145286837885;26.735472640246584
2016;Chemical (Basic);13.086852671356192;19.43764661434288
2016;Chemical (Diversified);25.399974864631172;12.02657563995142
2016;Chemical (Specialty);48.33414668320232;17.64479276286613
2016;Coal & Related Energy;6.844203972540778;20.75592634694462
2016;Computer Services;31.904670452385208;15.637655286854317
2016;Computers/Peripherals;32.92846369915071;46.89003948540409
2016;Construction Supplies;35.85286220552225;14.29024800767188
2016;Diversified;24.794311771973213;27.31403277366688
2016;Drugs (Biotechnology);79.13959960484264;63.39098747933613
2016;Drugs (Pharmaceutical);41.82454499500409;27.893058649131245
2016;Education;22.741552422584416;20.463205319287148
2016;Electrical Equipment;25.86576321345469;17.851198495344544
2016;Electronics (Consumer & Office);20.811468484224783;13.342954192425408
2016;Electronics (General);42.26866624684032;21.073826525029965
2016;Engineering/Construction;21.99344734317481;16.174979679953847
2016;Entertainment;372.5698233930005;67.91385673943019
2016;Environmental & Waste Services;56.01613251260913;20.5079736795018
2016;Farming/Agriculture;19.288641747955;40.32157678696466
2016;Financial Svcs. (Non-bank & Insurance);66.90136378756242;18.003869317220573
2016;Food Processing;64.35977294125259;23.08291579226484
2016;Food Wholesalers;24.43470686328084;17.42912756406695
2016;Furn/Home Furnishings;20.102042670393477;16.941078064255823
2016;Green & Renewable Energy;90.27565333319028;43.14689640391104
2016;Healthcare Products;72.59675208035002;32.59623666496741
2016;Healthcare Support Services;40.297268685069305;25.824015984047165
2016;Heathcare Information and Technology;65.64293740398917;33.68993577112581
2016;Homebuilding;15.59057911742809;14.306762222374124
2016;Hospitals/Healthcare Facilities;38.97936600011673;21.92016992845479
2016;Hotel/Gaming;185.88915781089352;19.14675687289687
2016;Household Products;30.36998905679881;19.66586946086709
2016;Information Services;26.220660419135296;17.63885204250889
2016;Insurance (General);24.848856884912248;15.575536388861185
2016;Insurance (Life);13.983875294753688;11.612645156810853
2016;Insurance (Prop/Cas.);21.597819827167815;15.101346520897184
2016;Investments & Asset Management;24.483261738300097;12.502133911938037
2016;Machinery;28.012638150982465;22.42554264533617
2016;Metals & Mining;24.16887160171296;17.994838376604722
2016;Office Equipment & Services;13.85955473458034;12.489118190761316
2016;Oil/Gas (Integrated);17.958909254945034;52.49573105118252
2016;Oil/Gas (Production and Exploration);18.941951655155595;98.69023884094192
2016;Oil/Gas Distribution;26.548016505768057;19.742635295119523
2016;Oilfield Svcs/Equip.;27.19387698510926;48.5883365960879
2016;Packaging & Container;32.95552030022354;16.842123672208885
2016;Paper/Forest Products;48.07584654054761;17.618826322955186
2016;Power;21.383736142274252;17.610029912137655
2016;Precious Metals;12.889672873325829;21.141367011576644
2016;Publishing & Newspapers;46.12468433256036;16.825731419111936
2016;R.E.I.T.;82.14009042959522;45.77144747416525
2016;Real Estate (Development);327.1614537482879;20.44034867858518
2016;Real Estate (General/Diversified);71.61761902952941;43.86335403726708
2016;Real Estate (Operations & Services);81.30868435302926;23.041848971472525
2016;Recreation;34.190898432460024;19.225204126651377
2016;Reinsurance;12.155131070880326;13.570674456744566
2016;Restaurant/Dining;29.83931107310129;35.57966724140404
2016;Retail (Automotive);16.556236376057853;22.58860114214795
2016;Retail (Building Supply);37.89494573133689;28.6198932381389
2016;Retail (Distributors);28.79194968367152;97.76702911235112
2016;Retail (General);22.738204312473087;82.59277356628452
2016;Retail (Grocery and Food);26.881216047109135;19.489189382303422
2016;Retail (Online);104.31771380529864;89.69638187638765
2016;Retail (Special Lines);28.42950680418276;20.481822212203312
2016;Rubber& Tires;95.3003577582818;10.206689917564995
2016;Semiconductor;70.94871429064837;24.878328871517898
2016;Semiconductor Equip;241.4432675855806;59.4830891297577
2016;Shipbuilding & Marine;10.75437898065318;13.9696280291476
2016;Shoe;16.348406753991362;19.16694243974253
2016;Software (Entertainment);25.664725406540825;45.957994590976526
2016;Software (Internet);77.73540991754997;52.42488622342874
2016;Software (System & Application);63.17748241728878;71.75829012909152
2016;Steel;52.45430590374947;20.32530172912634
2016;Telecom (Wireless);23.015797359105004;111.7426336495762
2016;Telecom. Equipment;91.5694415174579;30.387355010572477
2016;Telecom. Services;60.371617966997896;42.84630068686331
2016;Tobacco;19.879817637165676;22.64946920201102
2016;Transportation;23.028124072843543;16.012350545291863
2016;Transportation (Railroads);34.200810027617294;14.343297610889673
2016;Trucking;12.98772078105232;13.416894328163266
2016;Unclassified;5.129151291512915;
2016;Utility (General);27.545847643874023;16.64619096329124
2016;Utility (Water);20.742668024805532;48.0216029686527
2016;Total Market;46.04756225528869;29.62694932764755
2017;Advertising;110.9591242;17.1225391
2017;Aerospace/Defense;44.23880426;30.85163831
2017;Air Transport;13.94232999;15.0007007
2017;Apparel;41.12654369;18.30206247
2017;Auto & Truck;12.89948335;11.27196244
2017;Auto Parts;23.84212422;14.42861243
2017;Bank (Money Center);13.65079394;14.2200732
2017;Banks (Regional);20.93682535;22.29678227
2017;Beverage (Alcoholic);65.81409934;27.24944599
2017;Beverage (Soft);31.10646659;52.36066686
2017;Broadcasting;27.66559879;16.42245119
2017;Brokerage & Investment Banking;23.5579762;18.87619756
2017;Building Materials;26.2333105;19.8591395
2017;Business & Consumer Services;31.93714179;22.71282257
2017;Cable TV;20.64285993;27.17035434
2017;Chemical (Basic);19.04954357;18.39644719
2017;Chemical (Diversified);17.31674795;13.82764585
2017;Chemical (Specialty);33.6943853;40.07030259
2017;Coal & Related Energy;16.02643413;30.38598737
2017;Computer Services;152.1052644;20.42885431
2017;Computers/Peripherals;20.14723036;40.3320919
2017;Construction Supplies;29.97683567;25.5680598
2017;Diversified;39.73683283;30.57841148
2017;Drugs (Biotechnology);245.7416681;110.438212
2017;Drugs (Pharmaceutical);43.68739174;21.18976981
2017;Education;35.51139488;36.0271151
2017;Electrical Equipment;2168.348014;25.95709732
2017;Electronics (Consumer & Office);19.28333917;14.22169392
2017;Electronics (General);51.91260351;34.11810818
2017;Engineering/Construction;543.304891;23.52135014
2017;Entertainment;36.64247076;29.32349915
2017;Environmental & Waste Services;43.63250703;28.62670819
2017;Farming/Agriculture;20.68801023;24.77969571
2017;Financial Svcs. (Non-bank & Insurance);29.88358017;30.19951138
2017;Food Processing;36.04659085;24.48206399
2017;Food Wholesalers;133.2446722;22.45876334
2017;Furn/Home Furnishings;27.30637677;20.33279652
2017;Green & Renewable Energy;41.75387759;55.90995917
2017;Healthcare Products;112.4016836;50.44444357
2017;Healthcare Support Services;62.52851695;25.1501011
2017;Heathcare Information and Technology;63.20853933;36.41117311
2017;Homebuilding;17.74146291;12.89898171
2017;Hospitals/Healthcare Facilities;28.99330501;15.73786085
2017;Hotel/Gaming;28.50017649;22.17812672
2017;Household Products;60.98612663;22.30305779
2017;Information Services;28.26362084;20.75531457
2017;Insurance (General);36.68715622;16.50686867
2017;Insurance (Life);12.69207094;11.45103633
2017;Insurance (Prop/Cas.);20.194461;19.7679431
2017;Investments & Asset Management;36.24447829;15.11790905
2017;Machinery;38.04059813;26.45984553
2017;Metals & Mining;27.45452716;26.52168151
2017;Office Equipment & Services;249.5788269;17.56992585
2017;Oil/Gas (Integrated);41.86582774;38.08552015
2017;Oil/Gas (Production and Exploration);15.83765346;143.5834015
2017;Oil/Gas Distribution;36.09633371;36.53699844
2017;Oilfield Svcs/Equip.;170.7834811;952.8844707
2017;Packaging & Container;52.11905542;17.87885661
2017;Paper/Forest Products;39.78356594;14.48698579
2017;Power;120.8615403;19.58669851
2017;Precious Metals;84.14516191;22.27604639
2017;Publishing & Newspapers;87.03661737;19.3626277
2017;R.E.I.T.;129.1521692;45.94083224
2017;Real Estate (Development);20.86609108;19.53230545
2017;Real Estate (General/Diversified);75.09949233;27.77605687
2017;Real Estate (Operations & Services);52.79373626;20.23034448
2017;Recreation;23.0298279;21.01589369
2017;Reinsurance;11.19144693;17.24171509
2017;Restaurant/Dining;32.76765835;31.46241721
2017;Retail (Automotive);20.72631888;16.69719092
2017;Retail (Building Supply);30.81649774;24.01853349
2017;Retail (Distributors);45.63573222;31.10820002
2017;Retail (General);37.07200193;54.54248499
2017;Retail (Grocery and Food);20.79003269;18.9437044
2017;Retail (Online);58.53556639;49.5609925
2017;Retail (Special Lines);23.61858172;20.52455999
2017;Rubber& Tires;16.83334942;8.680036227
2017;Semiconductor;144.504537;67.75948638
2017;Semiconductor Equip;39.67685056;21.87964395
2017;Shipbuilding & Marine;103.1336165;19.97736354
2017;Shoe;17.72904508;21.17266809
2017;Software (Entertainment);785.3231858;25.81422415
2017;Software (Internet);59.26424034;62.32521547
2017;Software (System & Application);133.8183019;100.1983648
2017;Steel;44.55761049;21.19432233
2017;Telecom (Wireless);59.06168849;59.0895306
2017;Telecom. Equipment;50.77186596;26.39534092
2017;Telecom. Services;62.19543534;169.7198759
2017;Tobacco;19.24395957;20.56749369
2017;Transportation;30.41139348;19.11419886
2017;Transportation (Railroads);19.59620797;18.58751396
2017;Trucking;84.6430073;21.82251105
2017;Utility (General);29.51009741;19.34390775
2017;Utility (Water);27.65760775;31.73184198
2017;Total Market;77.3037423;46.10673589
2017;Total Market (without financials);87.9648286826049;50.96483634106887
2018;Advertising;57.18066098477416;17.116986514681077
2018;Aerospace/Defense;29.341971014130824;47.23845158824437
2018;Air Transport;14.101198010772878;13.953847552030911
2018;Apparel;34.87599585704809;20.108566483431535
2018;Auto & Truck;17.29346566450663;12.232211990979817
2018;Auto Parts;20.02919375434948;14.464186401750275
2018;Bank (Money Center);15.755900801545549;14.066561866998796
2018;Banks (Regional);23.146890272983217;16.87457657533553
2018;Beverage (Alcoholic);49.28894460040033;57.56776885557219
2018;Beverage (Soft);39.43773034680914;27.30561383523782
2018;Broadcasting;27.840393651771745;19.58708792617669
2018;Brokerage & Investment Banking;47.56208938892495;20.646258291463372
2018;Building Materials;26.55231177749399;24.975649211925404
2018;Business & Consumer Services;51.59593244914504;22.5424672206979
2018;Cable TV;111.3145136742261;34.079537975282285
2018;Chemical (Basic);38.304547727900854;17.40782326549883
2018;Chemical (Diversified);30.215486723401337;13.525223969350622
2018;Chemical (Specialty);165.87770683476504;29.449361579829127
2018;Coal & Related Energy;1276.0219004571425;14.440931551225768
2018;Computer Services;40.329456524881195;24.480280432442335
2018;Computers/Peripherals;108.61447948163642;26.774626610389873
2018;Construction Supplies;41.99704652594409;24.44922505689821
2018;Diversified;25.9599799650646;25.845053160485698
2018;Drugs (Biotechnology);69.61053498104889;289.909713304376
2018;Drugs (Pharmaceutical);366.68512118025086;23.89589073453852
2018;Education;32.34763011799095;27.64810596612713
2018;Electrical Equipment;23.65205600282535;36.21997763110472
2018;Electronics (Consumer & Office);79.9375592640169;16.463380282038084
2018;Electronics (General);182.29977513069736;25.621195619477863
2018;Engineering/Construction;33.83998092441327;24.826633495256853
2018;Entertainment;70.06560896249647;60.788369637109994
2018;Environmental & Waste Services;132.15099315523702;39.67190018751513
2018;Farming/Agriculture;23.276807176415904;33.96784954108234
2018;Financial Svcs. (Non-bank & Insurance);31.9919344241762;20.84950841973472
2018;Food Processing;100.8470811608433;27.042798607182867
2018;Food Wholesalers;25.876544379978196;21.98137018475417
2018;Furn/Home Furnishings;90.857391282429;19.908219241125263
2018;Green & Renewable Energy;192.48759055802245;38.96486338048536
2018;Healthcare Products;91.79888470367098;136.51662949536694
2018;Healthcare Support Services;41.189689095330486;23.69350090715717
2018;Heathcare Information and Technology;69.02628844374804;33.07849155591077
2018;Homebuilding;24.372311003971877;15.33204984197067
2018;Hospitals/Healthcare Facilities;19.77256223310841;18.828478154878383
2018;Hotel/Gaming;54.56146322143538;25.77406465581817
2018;Household Products;48.58987503211235;21.21496437265519
2018;Information Services;34.30533074867159;24.34817559846772
2018;Insurance (General);22.15502487473482;17.302601216031295
2018;Insurance (Life);18.16892654924914;12.15930875076308
2018;Insurance (Prop/Cas.);49.68774035768677;17.778134590554593
2018;Investments & Asset Management;158.40592211225112;15.05607245303232
2018;Machinery;32.74334580719923;22.972900319122957
2018;Metals & Mining;52.10903751925403;18.826278705611703
2018;Office Equipment & Services;35.376266441201516;15.706606329534443
2018;Oil/Gas (Integrated);55.9425019422961;29.48227936817445
2018;Oil/Gas (Production and Exploration);126.14508317046597;37.8600281903569
2018;Oil/Gas Distribution;43.87360563143704;39.96813905269048
2018;Oilfield Svcs/Equip.;131.0046432865755;59.62494964026033
2018;Packaging & Container;26.437475828278913;18.23986953674613
2018;Paper/Forest Products;75.08835222353117;14.683935388988704
2018;Power;25.95393823717138;20.952469700064288
2018;Precious Metals;36.15804799805895;22.37989301819813
2018;Publishing & Newspapers;69.16630603806718;18.538551011392965
2018;R.E.I.T.;42.50302517946843;112.57813950923592
2018;Real Estate (Development);38.10662124652847;62.34058345874091
2018;Real Estate (General/Diversified);28.47432235643894;15.06420763380859
2018;Real Estate (Operations & Services);75.20258165024374;41.22079553607501
2018;Recreation;21.935351348497772;23.181398037374823
2018;Reinsurance;486.8553189844801;17.818074039826953
2018;Restaurant/Dining;49.46330681660687;32.53527847969343
2018;Retail (Automotive);16.091630003180136;14.911921826063736
2018;Retail (Building Supply);34.84544308443061;34.35326381789067
2018;Retail (Distributors);111.5648952929388;117.8748416130408
2018;Retail (General);21.018223637806333;19.624396818628647
2018;Retail (Grocery and Food);40.72122511360967;19.123649352640644
2018;Retail (Online);64.87038137611289;46.58104766554822
2018;Retail (Special Lines);34.983124254600575;18.11643014838217
2018;Rubber& Tires;77.7317552257036;10.182993730407524
2018;Semiconductor;43.79569528368781;67.95751194874828
2018;Semiconductor Equip;23.711714407370092;17.5443146352778
2018;Shipbuilding & Marine;24.78512990546439;23.45598586449613
2018;Shoe;35.876891093593805;27.20167047362555
2018;Software (Entertainment);42.65274072776023;27.607217086958737
2018;Software (Internet);76.0255286412391;56.33690357754873
2018;Software (System & Application);362.1355544821303;60.75953689755571
2018;Steel;32.304755096559276;27.752449756430245
2018;Telecom (Wireless);118.32784446126438;89.12125002865855
2018;Telecom. Equipment;56.52526796244314;26.254728369602372
2018;Telecom. Services;45.54850875191452;93.82288560861384
2018;Tobacco;26.30501621932611;22.977861938543292
2018;Transportation;31.811538866261515;22.63050713549486
2018;Transportation (Railroads);26.097114934186607;21.330293746138334
2018;Trucking;41.4550960124238;35.18204556688354
2018;Utility (General);23.99863472225833;20.194172981559532
2018;Utility (Water);137.5822128048874;34.477254656148865
2018;Total Market;65.33094542901037;41.74524712372071
2018;Total Market (without financials);69.19759426668838;46.497263292277765
2019;Advertising;10.81;32.38
2019;Aerospace/Defense;33.83;21.31
2019;Air Transport;7.99;9.02
2019;Apparel;55.05;14.04
2019;Auto & Truck;17.75;13.63
2019;Auto Parts;18.92;11.88
2019;Bank (Money Center);12.69;9.16
2019;Banks (Regional);25.3;11.64
2019;Beverage (Alcoholic);20.16;28.73
2019;Beverage (Soft);35.13;24.71
2019;Broadcasting;17.66;16.65
2019;Brokerage & Investment Banking;28.79;12.75
2019;Building Materials;21.87;15.27
2019;Business & Consumer Services;20.6;22.13
2019;Cable TV;10.69;23.55
2019;Chemical (Basic);13.47;9.2
2019;Chemical (Diversified);18.59;7.87
2019;Chemical (Specialty);24.65;14.63
2019;Coal & Related Energy;10.44;9.04
2019;Computer Services;19.29;15.48
2019;Computers/Peripherals;50.94;17.69
2019;Construction Supplies;14.37;11.33
2019;Diversified;18.64;19.4
2019;Drugs (Biotechnology);68.57;43.88
2019;Drugs (Pharmaceutical);106.46;27.44
2019;Education;48.47;28.79
2019;Electrical Equipment;20.89;18.83
2019;Electronics (Consumer & Office);56.33;47.41
2019;Electronics (General);46.32;22.33
2019;Engineering/Construction;19.49;16.54
2019;Entertainment;64.02;87.08
2019;Environmental & Waste Services;30.92;47.83
2019;Farming/Agriculture;41.1;15.88
2019;Financial Svcs. (Non-bank & Insurance);50.79;14.11
2019;Food Processing;21.98;27.2
2019;Food Wholesalers;18.84;16.73
2019;Furn/Home Furnishings;36.53;13.89
2019;Green & Renewable Energy;16.64;28.64
2019;Healthcare Products;87.6;68.15
2019;Healthcare Support Services;38.68;20.1
2019;Heathcare Information and Technology;195.14;35.22
2019;Homebuilding;10.45;8.04
2019;Hospitals/Healthcare Facilities;17.87;19.72
2019;Hotel/Gaming;17.27;20.98
2019;Household Products;40.46;17.84
2019;Information Services;34.03;44.55
2019;Insurance (General);18.82;20.58
2019;Insurance (Life);10.78;46.98
2019;Insurance (Prop/Cas.);18.25;18.13
2019;Investments & Asset Management;29.8;10.8
2019;Machinery;25.33;15.83
2019;Metals & Mining;43.79;12.78
2019;Office Equipment & Services;17.4;9.85
2019;Oil/Gas (Integrated);12.96;13.17
2019;Oil/Gas (Production and Exploration);22.08;11.3
2019;Oil/Gas Distribution;55.4;28.28
2019;Oilfield Svcs/Equip.;21.75;28.95
2019;Packaging & Container;17.57;12.55
2019;Paper/Forest Products;33.35;11.22
2019;Power;23.03;18.21
2019;Precious Metals;263.95;62.73
2019;Publishing & Newspapers;37.88;20.81
2019;R.E.I.T.;36.58;46.58
2019;Real Estate (Development);13.73;18.63
2019;Real Estate (General/Diversified);21.51;52.89
2019;Real Estate (Operations & Services);18.37;13.29
2019;Recreation;21.26;20.58
2019;Reinsurance;7.52;14.51
2019;Restaurant/Dining;30.27;24.88
2019;Retail (Automotive);11.74;13.35
2019;Retail (Building Supply);27.48;14.51
2019;Retail (Distributors);18.93;13.72
2019;Retail (General);18.48;16.25
2019;Retail (Grocery and Food);12.67;19.04
2019;Retail (Online);38.96;38.14
2019;Retail (Special Lines);15.49;14.18
2019;Rubber& Tires;28.85;10.22
2019;Semiconductor;77.82;26.87
2019;Semiconductor Equip;17.63;16.66
2019;Shipbuilding & Marine;7.79;9.91
2019;Shoe;30.1;18.55
2019;Software (Entertainment);48.65;74.45
2019;Software (Internet);70.27;121.85
2019;Software (System & Application);109.84;92.14
2019;Steel;6.67;8.15
2019;Telecom (Wireless);11.58;29.41
2019;Telecom. Equipment;51.47;32.06
2019;Telecom. Services;21.22;61.14
2019;Tobacco;17.11;13.8
2019;Transportation;17.67;13.28
2019;Transportation (Railroads);35.65;15.54
2019;Trucking;8.56;12.26
2019;Utility (General);17.9;18.81
2019;Utility (Water);76.63;32.51
2019;Total Market;35.33;26.91
2019;Total Market (without financials);36.26;29.67
2020;Advertising;23.77126452;13.8373321
2020;Aerospace/Defense;44.2645417;22.90964236
2020;Air Transport;10.54942247;10.15894732
2020;Apparel;54.57223938;21.9667505
2020;Auto & Truck;16.76369679;20.52191276
2020;Auto Parts;17.58040276;15.63244176
2020;Bank (Money Center);10.22652485;12.17468731
2020;Banks (Regional);15.40696154;13.70034075
2020;Beverage (Alcoholic);38.69106302;36.32066291
2020;Beverage (Soft);39.86898263;143.5589271
2020;Broadcasting;8.55694295;12.22686386
2020;Brokerage & Investment Banking;18.04954541;16.33932938
2020;Building Materials;25.41755701;19.94933417
2020;Business & Consumer Services;47.53833193;21.99815807
2020;Cable TV;80.57198359;26.37304445
2020;Chemical (Basic);16.11017453;22.42418208
2020;Chemical (Diversified);10.48037633;10.12536118
2020;Chemical (Specialty);25.33832554;18.5074473
2020;Coal & Related Energy;10.29573167;7.043973024
2020;Computer Services;29.1332048;24.96255069
2020;Computers/Peripherals;28.91867687;30.92549768
2020;Construction Supplies;39.58093682;26.20276194
2020;Diversified;22.7751588;34.71969794
2020;Drugs (Biotechnology);77.55560882;30.2076202
2020;Drugs (Pharmaceutical);58.18354141;35.4280616
2020;Education;22.19564;26.0267367
2020;Electrical Equipment;29.84977452;21.47226642
2020;Electronics (Consumer & Office);64.23576854;18.80442081
2020;Electronics (General);125.8236254;35.0045119
2020;Engineering/Construction;18.70761785;17.06569811
2020;Entertainment;47.68399889;40.24677234
2020;Environmental & Waste Services;735.0487844;38.41859395
2020;Farming/Agriculture;73.1893748;25.4491612
2020;Financial Svcs. (Non-bank & Insurance);83.00451884;16.93046857
2020;Food Processing;42.25438254;43.93546394
2020;Food Wholesalers;47.9826274;19.14215811
2020;Furn/Home Furnishings;14.7932714;15.72309295
2020;Green & Renewable Energy;26.23468169;71.38413089
2020;Healthcare Products;84.42618676;71.38170923
2020;Healthcare Support Services;51.6405258;25.30130946
2020;Heathcare Information and Technology;99.81072772;83.80737618
2020;Homebuilding;16.26090276;13.04901173
2020;Hospitals/Healthcare Facilities;38.93764172;26.9430218
2020;Hotel/Gaming;134.2044691;22.75476054
2020;Household Products;33.22769382;20.55648136
2020;Information Services;46.22702228;27.99702762
2020;Insurance (General);67.57180218;24.42192461
2020;Insurance (Life);21.05216021;66.71906033
2020;Insurance (Prop/Cas.);29.59684252;26.74661212
2020;Investments & Asset Management;79.93659958;12.93860704
2020;Machinery;36.09832278;21.15928618
2020;Metals & Mining;727.0962734;27.9279704
2020;Office Equipment & Services;34.53464251;11.73172716
2020;Oil/Gas (Integrated);22.67209961;31.98787431
2020;Oil/Gas (Production and Exploration);8.66001991;34.96175393
2020;Oil/Gas Distribution;69.40697454;16.77651723
2020;Oilfield Svcs/Equip.;25.43844596;22.4524454
2020;Packaging & Container;20.60885717;15.90449874
2020;Paper/Forest Products;24.91748737;18.73013499
2020;Power;23.73691461;20.15879336
2020;Precious Metals;76.84467499;36.19595898
2020;Publishing & Newspapers;28.04954629;23.5908167
2020;R.E.I.T.;48.00087018;61.60404703
2020;Real Estate (Development);48.48671318;21.50259067
2020;Real Estate (General/Diversified);110.2108117;11.52651129
2020;Real Estate (Operations & Services);32.45852129;33.98671431
2020;Recreation;30.51047008;18.46362974
2020;Reinsurance;57.39914263;15.900125
2020;Restaurant/Dining;38.000133;38.39877704
2020;Retail (Automotive);16.61929873;15.56467062
2020;Retail (Building Supply);238.7962998;18.33121911
2020;Retail (Distributors);897.3225023;17.85724256
2020;Retail (General);18.63648416;18.58206077
2020;Retail (Grocery and Food);395.1439443;22.18320098
2020;Retail (Online);243.8237416;86.27580301
2020;Retail (Special Lines);23.79334505;15.87721589
2020;Rubber& Tires;21.54909803;8.953811895
2020;Semiconductor;97.09367421;248.1129351
2020;Semiconductor Equip;39.72517569;28.45848004
2020;Shipbuilding & Marine;25.12694874;18.08779375
2020;Shoe;23.09003215;19.59232188
2020;Software (Entertainment);33.97959704;82.81020948
2020;Software (Internet);66.75089323;100.7083482
2020;Software (System & Application);110.9020732;76.8214657
2020;Steel;14.33817861;24.59809796
2020;Telecom (Wireless);25.6624154;29.16988193
2020;Telecom. Equipment;57.03896354;21.45608992
2020;Telecom. Services;742.0913845;121.3396
2020;Tobacco;24.29860494;16.77462564
2020;Transportation;58.53407718;15.68356123
2020;Transportation (Railroads);20.48236864;18.56150881
2020;Trucking;18.35838149;23.54413396
2020;Utility (General);23.72114147;21.16486209
2020;Utility (Water);48.12908562;41.49591021
2020;Total Market;70.85149132528615;35.78526739938308
2020;Total Market (without financials);76.83276051822784;39.717368768128416
2021;Advertising;45.375202628511474;38.91979710881631
2021;Aerospace/Defense;107.38396177092392;122.3657101512303
2021;Air Transport;13.467519539284243;27.41803278688525
2021;Apparel;22.761750232250616;83.0239081230753
2021;Auto & Truck;261.55986156714147;37.20459138118606
2021;Auto Parts;55.56467095160826;27.212780125819283
2021;Bank (Money Center);14.862679952459835;13.25830624397633
2021;Banks (Regional);15.385193908763318;12.867311816131537
2021;Beverage (Alcoholic);32.3896191058676;28.23676902449622
2021;Beverage (Soft);116.71720199086498;72.19026003751732
2021;Broadcasting;12.419936016946153;25.731757695495585
2021;Brokerage & Investment Banking;82.1983554242335;14.337457107934958
2021;Building Materials;25.63409712027883;21.859266486388886
2021;Business & Consumer Services;44.22061660781585;86.13742635738654
2021;Cable TV;63.6766581402262;26.046271982106937
2021;Chemical (Basic);45.863876676003365;19.3239156377573
2021;Chemical (Diversified);17.186064480100946;12.779182278332533
2021;Chemical (Specialty);58.86459210562928;25.112355660766543
2021;Coal & Related Energy;37.68038023665884;13.238851632697788
2021;Computer Services;27.860284729188052;35.79627949187708
2021;Computers/Peripherals;27.254643581045865;30.14316569561104
2021;Construction Supplies;108.39709320846303;24.498518965263777
2021;Diversified;27.98364258478868;31.500942234278543
2021;Drugs (Biotechnology);480.18431697399177;75.43055507326878
2021;Drugs (Pharmaceutical);34.542058049164375;34.05128800626002
2021;Education;26.631329737537396;27.549791735743984
2021;Electrical Equipment;106.0185982870089;37.00215025911462
2021;Electronics (Consumer & Office);14.621502322457888;17.43937709931816
2021;Electronics (General);69.76193685004223;35.47220790223969
2021;Engineering/Construction;34.52489960977317;28.82977910384737
2021;Entertainment;1157.131952527469;58.16243028070602
2021;Environmental & Waste Services;549.5790790368981;34.57802582215514
2021;Farming/Agriculture;23.819322781968737;29.581771984023774
2021;Financial Svcs. (Non-bank & Insurance);21.864515213007955;19.348299111655503
2021;Food Processing;375.1949183186845;244.40231292771873
2021;Food Wholesalers;8.635295744239595;20.387474913631497
2021;Furn/Home Furnishings;125.49843153837293;21.55784833000164
2021;Green & Renewable Energy;40.67259807376087;45.5140923566879
2021;Healthcare Products;317.981478965745;248.2610300217101
2021;Healthcare Support Services;104.17605537136028;31.478885999190737
2021;Heathcare Information and Technology;162.96068906351726;77.24416416598142
2021;Homebuilding;17.34211171965205;11.042260142263562
2021;Hospitals/Healthcare Facilities;44.60670222235663;28.53464734074672
2021;Hotel/Gaming;64.17173094138856;37.773261457592575
2021;Household Products;36.29200380102163;85.73596348332548
2021;Information Services;71.12999032730562;39.958111991454864
2021;Insurance (General);50.36284753835904;28.179691630590003
2021;Insurance (Life);28.98599964627679;7.928485274139965
2021;Insurance (Prop/Cas.);22.123312520281296;28.488545253296433
2021;Investments & Asset Management;625.4061996670526;15.571507079738735
2021;Machinery;46.08685518800034;29.02328059507186
2021;Metals & Mining;44.41973275025248;41.856363222945845
2021;Office Equipment & Services;33.03445829991035;20.312323265237826
2021;Oil/Gas (Integrated);52.49632530120481;38.800336438923395
2021;Oil/Gas (Production and Exploration);26.13436075156192;38.63580687594733
2021;Oil/Gas Distribution;37.082779959348315;13.863272520521564
2021;Oilfield Svcs/Equip.;31.77614993171864;37.28231535923808
2021;Packaging & Container;24.2523172589606;34.80395440677321
2021;Paper/Forest Products;20.046811587596142;22.525505445102908
2021;Power;21.953539691815568;19.175407988161034
2021;Precious Metals;86.45417020156775;20.66747632089353
2021;Publishing & Newspapers;48.93628356371428;25.04619321202637
2021;R.E.I.T.;62.99942866144742;70.0395671313803
2021;Real Estate (Development);15.95559210526316;11.664739884393065
2021;Real Estate (General/Diversified);52.41307348791471;82.13941988783694
2021;Real Estate (Operations & Services);56.828067786122666;57.156357333238205
2021;Recreation;155.3943058020587;49.58485664357152
2021;Reinsurance;15.20057915057915;12.99045851013673
2021;Restaurant/Dining;58.9131827767466;1610.212035392033
2021;Retail (Automotive);17.52087132977596;17.245103062095065
2021;Retail (Building Supply);140.10936326540158;25.590545234211827
2021;Retail (Distributors);138.4448999428416;21.913433639665147
2021;Retail (General);22.701744745699372;25.816479714308255
2021;Retail (Grocery and Food);14.413462025265977;18.420473848228895
2021;Retail (Online);131.27291479009298;129.0535099931864
2021;Retail (Special Lines);55.99188411017896;26.49457074639312
2021;Rubber& Tires;24.89280216470498;15.284327217125384
2021;Semiconductor;726.5221969353058;44.33814930459013
2021;Semiconductor Equip;55.871007175483264;30.137480934824328
2021;Shipbuilding & Marine;49.987186364820744;23.610520141057425
2021;Shoe;46.18128726931203;22.567217323272995
2021;Software (Entertainment);157.38488806622505;109.4375112565476
2021;Software (Internet);67.88862020182876;47.86024335908191
2021;Software (System & Application);148.99150403292035;305.13389180320263
2021;Steel;35.72607944310593;17.024206969680463
2021;Telecom (Wireless);24.683121593527087;26.033438478865307
2021;Telecom. Equipment;50.67812474449751;221.6840666112091
2021;Telecom. Services;22.27268322910477;96.94678199119474
2021;Tobacco;54.618361961531335;14.110759977190732
2021;Transportation;48.60592887164585;20.00033734097329
2021;Transportation (Railroads);28.550848056184293;22.91698056573057
2021;Trucking;46.7383416220156;27.294505246909484
2021;Utility (General);18.73085205950922;18.252801393649513
2021;Utility (Water);62.39214919438848;48.224063042161475
2021;Total Market;103.24608265487092;79.74351687003333
2021;Total Market (without financials);87.07726236585047;93.38528779567235
2022;Advertising;88.1;78.62
2022;Aerospace/Defense;37.01;27.37
2022;Air Transport;3708.23;26.36
2022;Apparel;36.12;17.49
2022;Auto & Truck;55.5;28.28
2022;Auto Parts;30.43;17.35
2022;Bank (Money Center);9.0;12.32
2022;Banks (Regional);28.84;13.43
2022;Beverage (Alcoholic);54.54;26.8
2022;Beverage (Soft);111.14;52.13
2022;Broadcasting;8.83;24.99
2022;Brokerage & Investment Banking;12.62;12.82
2022;Building Materials;28.1;21.77
2022;Business & Consumer Services;269.88;73.34
2022;Cable TV;27.33;20.79
2022;Chemical (Basic);14.7;9.09
2022;Chemical (Diversified);11.75;11.59
2022;Chemical (Specialty);34.0;22.19
2022;Coal & Related Energy;19.43;12.53
2022;Computer Services;38.5;32.46
2022;Computers/Peripherals;14.97;29.3
2022;Construction Supplies;724.66;20.55
2022;Diversified;103.88;35.99
2022;Drugs (Biotechnology);321.36;146.61
2022;Drugs (Pharmaceutical);45.69;24.29
2022;Education;1160.4;21.86
2022;Electrical Equipment;52.41;26.41
2022;Electronics (Consumer & Office);107.94;17.43
2022;Electronics (General);36.62;34.54
2022;Engineering/Construction;65.91;22.45
2022;Entertainment;765.06;56.95
2022;Environmental & Waste Services;46.33;45.51
2022;Farming/Agriculture;31.21;20.58
2022;Financial Svcs. (Non-bank & Insurance);21.86;21.55
2022;Food Processing;51.31;24.57
2022;Food Wholesalers;47.65;20.78
2022;Furn/Home Furnishings;13.44;28.05
2022;Green & Renewable Energy;64.67;47.62
2022;Healthcare Products;91.03;97.45
2022;Healthcare Support Services;35.91;27.57
2022;Heathcare Information and Technology;94.11;97.24
2022;Homebuilding;13.48;10.43
2022;Hospitals/Healthcare Facilities;17.74;39.42
2022;Hotel/Gaming;78.21;52.39
2022;Household Products;49.43;37.13
2022;Information Services;106.39;42.38
2022;Insurance (General);54.65;29.71
2022;Insurance (Life);99.94;8.22
2022;Insurance (Prop/Cas.);21.51;25.57
2022;Investments & Asset Management;84.05;19.68
2022;Machinery;40.96;25.45
2022;Metals & Mining;49.01;20.82
2022;Office Equipment & Services;38.43;18.34
2022;Oil/Gas (Integrated);22.84;9.88
2022;Oil/Gas (Production and Exploration);31.01;8.38
2022;Oil/Gas Distribution;262.08;19.18
2022;Oilfield Svcs/Equip.;48.9;45.07
2022;Packaging & Container;20.03;23.34
2022;Paper/Forest Products;15.64;11.88
2022;Power;25.25;19.09
2022;Precious Metals;22.83;19.8
2022;Publishing & Newspapers;24.66;55.39
2022;R.E.I.T.;62.8;73.92
2022;Real Estate (Development);494.99;711.91
2022;Real Estate (General/Diversified);68.45;49.77
2022;Real Estate (Operations & Services);35.27;19.86
2022;Recreation;28.21;20.58
2022;Reinsurance;12.99;10.06
2022;Restaurant/Dining;31.33;42.43
2022;Retail (Automotive);14.01;12.58
2022;Retail (Building Supply);21.78;22.65
2022;Retail (Distributors);34.7;58.33
2022;Retail (General);42.24;17.87
2022;Retail (Grocery and Food);17.79;18.37
2022;Retail (Online);144.26;113.8
2022;Retail (Special Lines);19.14;24.25
2022;Rubber& Tires;17.57;8.56
2022;Semiconductor;582.02;66.29
2022;Semiconductor Equip;44.44;35.29
2022;Shipbuilding & Marine;10.48;9.65
2022;Shoe;21.58;18.95
2022;Software (Entertainment);34.65;43.33
2022;Software (Internet);62.86;839.24
2022;Software (System & Application);130.77;104.56
2022;Steel;13.18;8.52
2022;Telecom (Wireless);52.34;45.06
2022;Telecom. Equipment;65.15;29.85
2022;Telecom. Services;37.3;3797.58
2022;Tobacco;14.64;12.86
2022;Transportation;28.23;17.57
2022;Transportation (Railroads);24.71;22.2
2022;Trucking;20.71;20.79
2022;Utility (General);21.94;20.68
2022;Utility (Water);43.42;46.82
2022;Total Market;88.56;61.25
2022;Total Market (without financials);98.97;73.71
2023;Advertising;13.993381837579332;21.54785248794929
2023;Aerospace/Defense;53.68599931349899;64.39750024279606
2023;Air Transport;71.79390747675272;14.007204694025583
2023;Apparel;13.804567941679538;10.498644239824788
2023;Auto & Truck;10.303473979252582;10.184760295540686
2023;Auto Parts;31.628193367611757;13.5291783546591
2023;Bank (Money Center);9.516543910327655;8.95801051634127
2023;Banks (Regional);24.60127993387343;9.475123607758952
2023;Beverage (Alcoholic);111.50158955717302;22.11194264933336
2023;Beverage (Soft);39.5525944806275;40.89690933184635
2023;Broadcasting;6.93318863344397;13.00427649262643
2023;Brokerage & Investment Banking;15.398825088840152;12.576896974003892
2023;Building Materials;15.731797108797148;14.038921095208131
2023;Business & Consumer Services;33.71993975794946;21.373232772272377
2023;Cable TV;11.031811598705742;11.082362494799028
2023;Chemical (Basic);9.950772082530245;12.58770731187961
2023;Chemical (Diversified);4.913635036652967;9.179651034937669
2023;Chemical (Specialty);34.72552764602949;16.20058235296231
2023;Coal & Related Energy;70.10021734645936;17.782255812804987
2023;Computer Services;16.826618008820372;15.715555261856109
2023;Computers/Peripherals;60.37198607537146;43.27479302772761
2023;Construction Supplies;23.67017657790564;17.347656548901526
2023;Diversified;14.458344682654587;38.36795622528857
2023;Drugs (Biotechnology);113.80317420122032;34.85680333610212
2023;Drugs (Pharmaceutical);17.765653282813773;14.043576979049096
2023;Education;18.213402559297673;20.51044635769584
2023;Electrical Equipment;50.35024785167854;26.430506673258417
2023;Electronics (Consumer & Office);78.60622134012917;28.068645865671257
2023;Electronics (General);58.252171064461706;21.748123487038004
2023;Engineering/Construction;29.06259467478139;25.510136738938964
2023;Entertainment;47.736718632185095;44.388726339725864
2023;Environmental & Waste Services;76.98730729392803;33.748317913203934
2023;Farming/Agriculture;22.12057113620223;33.55558485220265
2023;Financial Svcs. (Non-bank & Insurance);32.69630059854332;15.959308337809112
2023;Food Processing;52.47444886536464;32.95457562304481
2023;Food Wholesalers;25.137922065338433;14.708916698935305
2023;Furn/Home Furnishings;14.03013265423464;11.385186834917793
2023;Green & Renewable Energy;34.62057492244528;40.2621421158893
2023;Healthcare Products;62.958973741822945;43.153004453641486
2023;Healthcare Support Services;45.90801455210623;51.36162941254545
2023;Heathcare Information and Technology;48.341137501288586;35.54327741225772
2023;Homebuilding;5.0845371401835715;7.044537574380993
2023;Hospitals/Healthcare Facilities;105.59442613995223;40.664280935897686
2023;Hotel/Gaming;17.546856842427747;57.12592578512073
2023;Household Products;124.19393691012412;23.80323321719347
2023;Information Services;60.49602307155901;44.65195149199286
2023;Insurance (General);213.16752918372785;20.16257459412296
2023;Insurance (Life);16.589451562329984;8.620686569212463
2023;Insurance (Prop/Cas.);20.230973091308005;53.457067228034745
2023;Investments & Asset Management;413.138812929384;12.28151730320825
2023;Machinery;43.77318575878879;20.11522112847676
2023;Metals & Mining;17.597890904343;21.537136494662857
2023;Office Equipment & Services;23.352946188547765;11.38852269546762
2023;Oil/Gas (Integrated);6.712316071134506;9.43643054974258
2023;Oil/Gas (Production and Exploration);20.684944931020116;8.576315292537208
2023;Oil/Gas Distribution;17.52691395432573;12.794630818535936
2023;Oilfield Svcs/Equip.;35.47003067427473;43.89758022736236
2023;Packaging & Container;13.232355624196757;12.737694792773423
2023;Paper/Forest Products;12.831132860096082;11.178753614977762
2023;Power;19.07432291850709;18.11144441529611
2023;Precious Metals;14.432357858158962;24.956948775829705
2023;Publishing & Newspapers;19.59895929655136;14.934178713621456
2023;R.E.I.T.;41.48255152493677;63.227557296350675
2023;Real Estate (Development);10.7244443912679;15.690435272573602
2023;Real Estate (General/Diversified);17.526867681340555;13.078703703703702
2023;Real Estate (Operations & Services);39.80017732507439;21.51608814943121
2023;Recreation;18.79714703297693;17.934176405792645
2023;Reinsurance;16.516000000000002;9.226623376623376
2023;Restaurant/Dining;32.060305059956086;26.317204727868468
2023;Retail (Automotive);10.001651614901713;11.292113463016625
2023;Retail (Building Supply);14.307930590731086;15.544776430378349
2023;Retail (Distributors);27.139280463174902;15.54274880255712
2023;Retail (General);18.550527865353317;15.97344648859606
2023;Retail (Grocery and Food);16.752102075844263;14.965068001808833
2023;Retail (Online);205.21167470141248;100.7759710033077
2023;Retail (Special Lines);19.96836293696793;22.31135641707849
2023;Rubber& Tires;7.086078039072091;6.383647798742138
2023;Semiconductor;29.657290214296975;28.00177776135712
2023;Semiconductor Equip;20.068843491664495;20.03637094111142
2023;Shipbuilding & Marine;10.01550290181054;8.322497691834789
2023;Shoe;13.494158283376812;14.996078107376396
2023;Software (Entertainment);105.43298269537888;21.29309333359225
2023;Software (Internet);28.69825303664946;466.54653971222393
2023;Software (System & Application);103.73573705984646;56.50942995645082
2023;Steel;12.795287192941224;11.247708888204109
2023;Telecom (Wireless);30.24621768547484;22.20527213317257
2023;Telecom. Equipment;36.72724784657824;29.84729491067453
2023;Telecom. Services;145.85411391978104;98.83290406634129
2023;Tobacco;13.55073144227022;11.64701213421489
2023;Transportation;23.851971943925097;12.912710701263848
2023;Transportation (Railroads);17.861577963998506;17.182451033868162
2023;Trucking;10.280924299605571;11.636819196176113
2023;Utility (General);20.529372149088115;18.904372490042057
2023;Utility (Water);35.13145376761002;34.16192212715035
2023;Total Market;82.09450318302977;30.70358410799319
2023;Total Market (without financials);55.38057109212246;35.397982674399636
2024;Advertising;175.73470187151344;39.11893192580502
2024;Aerospace/Defense;32.517250905909876;34.217428831852004
2024;Air Transport;12.658954105086504;12.326716997933746
2024;Apparel;18.68854542735665;15.625241739943498
2024;Auto & Truck;21.120152874872904;19.917364293472435
2024;Auto Parts;39.03342462860953;35.94786835796249
2024;Bank (Money Center);8.547358658097874;10.626133753034534
2024;Banks (Regional);35.96629242038575;15.851279307862264
2024;Beverage (Alcoholic);35.37590107389537;20.194141476348474
2024;Beverage (Soft);33.67306525553318;28.20594918661231
2024;Broadcasting;7.816781173533133;9.933965113736727
2024;Brokerage & Investment Banking;222.18514648652769;32.026370366400926
2024;Building Materials;24.84788931563107;18.902089424170175
2024;Business & Consumer Services;86.89938236196181;26.441089562859823
2024;Cable TV;16.12065991866249;11.984361832564256
2024;Chemical (Basic);12.407994201775024;16.739280630491233
2024;Chemical (Diversified);30.527729815250837;20.63003721424774
2024;Chemical (Specialty);60.901134435897625;18.715106884222696
2024;Coal & Related Energy;91.91242298375973;29.017205350531466
2024;Computer Services;76.13219981553276;22.539145721072018
2024;Computers/Peripherals;31.833390779893396;24.15185687872021
2024;Construction Supplies;33.88591584170452;41.90933470942527
2024;Diversified;13.800008820068092;27.080318238837453
2024;Drugs (Biotechnology);30.39160538678691;73.1985069471001
2024;Drugs (Pharmaceutical);57.62587734954958;23.21971928774835
2024;Education;34.57346986093771;98.11510731451516
2024;Electrical Equipment;24.68870614432407;23.534849955101592
2024;Electronics (Consumer & Office);38.63288320991239;32.07401800704247
2024;Electronics (General);102.2602762874735;26.790993485412677
2024;Engineering/Construction;47.295500708894096;23.608252661756815
2024;Entertainment;31.168325364687774;37.9348459389649
2024;Environmental & Waste Services;31.275191037772736;36.55581235716992
2024;Farming/Agriculture;21.61187500533381;22.94700733646602
2024;Financial Svcs. (Non-bank & Insurance);25.58837051606901;25.53759162122565
2024;Food Processing;31.40132716803937;26.75462816931591
2024;Food Wholesalers;26.10422435346539;19.133466068503783
2024;Furn/Home Furnishings;19.58001711865685;32.7238165778102
2024;Green & Renewable Energy;39.87241810854294;27.55796078590896
2024;Healthcare Products;61.89156213874568;42.47101666182435
2024;Healthcare Support Services;80.16828730486425;74.52047143655955
2024;Heathcare Information and Technology;44.43644387862758;133.33079865476034
2024;Homebuilding;10.663226208304753;12.074342679495317
2024;Hospitals/Healthcare Facilities;22.86607742905324;26.003626840539255
2024;Hotel/Gaming;32.22143792065357;30.872329430832828
2024;Household Products;34.469619164706735;31.40703256495943
2024;Information Services;24.757228147387533;27.86382825182172
2024;Insurance (General);92.1772877396516;24.341000586407816
2024;Insurance (Life);176.3786320021675;8.378951718101908
2024;Insurance (Prop/Cas.);20.72252135650364;17.03691875164991
2024;Investments & Asset Management;69.37883307856436;26.79001625341431
2024;Machinery;26.951754964203868;27.294408069917303
2024;Metals & Mining;33.132597557421676;68.67769194362613
2024;Office Equipment & Services;249.1565502380709;15.527618107237998
2024;Oil/Gas (Integrated);8.018212897016301;11.697386950577966
2024;Oil/Gas (Production and Exploration);16.325943214834;9.159593328461366
2024;Oil/Gas Distribution;18.41284012023769;14.198759368915232
2024;Oilfield Svcs/Equip.;70.29822817770717;13.960247471406635
2024;Packaging & Container;19.636247288161293;14.9566052831353
2024;Paper/Forest Products;19.990268135629133;11.755876983980396
2024;Power;23.19158205893271;15.718713897021988
2024;Precious Metals;34.232639448888236;61.08102209986454
2024;Publishing & Newspapers;29.2414035210639;15.393476111953706
2024;R.E.I.T.;117.17420797066067;43.77292761253884
2024;Real Estate (Development);8.022117698323951;7.927581120943953
2024;Real Estate (General/Diversified);33.2262308257929;105.79298701298704
2024;Real Estate (Operations & Services);104.23604792269975;49.111423935993194
2024;Recreation;27.700115574206265;16.876426362927724
2024;Reinsurance;9.34460999123576;8.55978835978836
2024;Restaurant/Dining;94.18909813240217;45.154979492672894
2024;Retail (Automotive);17.88872792375451;15.868785301601651
2024;Retail (Building Supply);27.87080707923468;23.194797092367
2024;Retail (Distributors);28.908314358128138;28.28885131191916
2024;Retail (General);29.84401634296881;20.228167060259818
2024;Retail (Grocery and Food);16.757683247241964;16.660716918810472
2024;Retail (REITs);74.0905042250849;110.18394298945198
2024;Retail (Special Lines);48.78837652846057;23.350926240004565
2024;Rubber& Tires;;11.275590551181102
2024;Semiconductor;82.75051639049542;45.770367963048535
2024;Semiconductor Equip;163.51842013025154;28.833253120451392
2024;Shipbuilding & Marine;24.75708770322851;14.092651612772082
2024;Shoe;19.768872194714948;17.348000737258584
2024;Software (Entertainment);30.81807019815021;45.964186869907834
2024;Software (Internet);35.177442964143594;56.450797181267866
2024;Software (System & Application);88.72457294882238;56.925187317987614
2024;Steel;14.541699757518971;24.40999913317093
2024;Telecom (Wireless);67.85383293004256;25.64129535222038
2024;Telecom. Equipment;70.49127690111283;23.199152302772394
2024;Telecom. Services;77.10240124570124;99.86255827194267
2024;Tobacco;17.746085416091766;21.73709990062514
2024;Transportation;23.427810144534483;20.968821154473535
2024;Transportation (Railroads);22.28825335650561;19.816428600521345
2024;Trucking;36.07946277619434;22.97608167201917
2024;Utility (General);17.483750732416834;16.40697672020488
2024;Utility (Water);34.88450544421217;25.373790321219385
2024;Total Market;52.28373716861881;31.976432665788465
2024;Total Market (without financials);52.86583637680429;34.7932590154331
2025;Advertising;291.270179;73.71193063
2025;Aerospace/Defense;87.41777889;35.06797221
2025;Air Transport;17.98192415;12.4414165
2025;Apparel;28.05498656;21.84589082
2025;Auto & Truck;27.2827678;29.80223988
2025;Auto Parts;24.80288893;14.27820338
2025;Bank (Money Center);28.04191666;14.02923183
2025;Banks (Regional);18.41235377;13.53449175
2025;Beverage (Alcoholic);44.43103428;16.60137273
2025;Beverage (Soft);25.66698037;24.6853841
2025;Broadcasting;45.02351959;10.09718362
2025;Brokerage & Investment Banking;29.86793199;20.63718926
2025;Building Materials;22.98375797;19.55964563
2025;Business & Consumer Services;49.9883544;26.80589272
2025;Cable TV;10.74120025;74.66696395
2025;Chemical (Basic);25.8083733;14.53462974
2025;Chemical (Diversified);33.22368421;21.3624944
2025;Chemical (Specialty);43.85667873;23.68569264
2025;Coal & Related Energy;8.92895397;115.9927984
2025;Computer Services;56.19388981;18.95879139
2025;Computers/Peripherals;610.1473168;14.8573878
2025;Construction Supplies;18.96755165;17.45090193
2025;Diversified;13.03290856;20.44530658
2025;Drugs (Biotechnology);84.99430249;33.15729667
2025;Drugs (Pharmaceutical);20.88293026;18.71536699
2025;Education;33.92151127;24.95942666
2025;Electrical Equipment;55.43392358;23.99050299
2025;Electronics (Consumer & Office);;25.08509514
2025;Electronics (General);74.9382479;27.00604977
2025;Engineering/Construction;44.73407496;26.71651422
2025;Entertainment;84.24318924;46.36455778
2025;Environmental & Waste Services;86.5905265;89.55828335
2025;Farming/Agriculture;35.00291504;47.40475456
2025;Financial Svcs. (Non-bank & Insurance);30.21108272;22.28764764
2025;Food Processing;27.67322876;22.80634409
2025;Food Wholesalers;29.30346327;17.88136806
2025;Furn/Home Furnishings;30.847498;17.68233609
2025;Green & Renewable Energy;25.51122245;22.20268586
2025;Healthcare Products;45.2516385;36.375127
2025;Healthcare Support Services;38.82971906;31.60928993
2025;Heathcare Information and Technology;54.46738057;30.55813431
2025;Homebuilding;10.85248606;10.39888734
2025;Hospitals/Healthcare Facilities;19.90376001;21.65192315
2025;Hotel/Gaming;33.74480756;28.76455728
2025;Household Products;32.1738381;55.93842172
2025;Information Services;21.27761649;14.6805397
2025;Insurance (General);58.24358392;25.80437161
2025;Insurance (Life);46.46403095;10.33927821
2025;Insurance (Prop/Cas.);16.58902576;51.94836561
2025;Investments & Asset Management;56.09787202;18.41523228
2025;Machinery;33.32676744;21.9708209
2025;Metals & Mining;74.86384367;18.91025056
2025;Office Equipment & Services;14.81153835;12.26374479
2025;Oil/Gas (Integrated);10.82668985;14.75232515
2025;Oil/Gas (Production and Exploration);19.10246638;15.18784814
2025;Oil/Gas Distribution;27.81791682;22.95869824
2025;Oilfield Svcs/Equip.;29.32508777;19.76516636
2025;Packaging & Container;26.09845032;14.44412566
2025;Paper/Forest Products;23.33602332;19.86471771
2025;Power;23.26783271;16.46549983
2025;Precious Metals;28.22042495;13.96197697
2025;Publishing & Newspapers;25.08409747;16.31851041
2025;R.E.I.T.;51.7842795;41.45486774
2025;Real Estate (Development);40.49470653;21.71586052
2025;Real Estate (General/Diversified);17.88432292;618.7051282
2025;Real Estate (Operations & Services);63.94075126;407.7400936
2025;Recreation;33.91159809;47.52276994
2025;Reinsurance;19.35433287;9.369736842
2025;Restaurant/Dining;56.60443767;38.92742005
2025;Retail (Automotive);123.0704727;31.93605718
2025;Retail (Building Supply);42.96360355;37.70876181
2025;Retail (Distributors);51.90215662;24.60384113
2025;Retail (General);25.79221081;22.74067646
2025;Retail (Grocery and Food);21.11570182;20.80378824
2025;Retail (REITs);72.23515241;44.33355746
2025;Retail (Special Lines);24.48494405;22.70280696
2025;Rubber& Tires;;5.294117647
2025;Semiconductor;54.21845143;86.40268296
2025;Semiconductor Equip;71.34768494;25.10086316
2025;Shipbuilding & Marine;12.7685681;11.60892456
2025;Shoe;17.57809169;19.40761005
2025;Software (Entertainment);68.17906807;37.68369307
2025;Software (Internet);50.6412608;155.5922413
2025;Software (System & Application);203.7719298;51.81872231
2025;Steel;15.02257097;15.33741635
2025;Telecom (Wireless);13.3597627;33.57388424
2025;Telecom. Equipment;46.05597165;33.0968924
2025;Telecom. Services;25.51708033;16.6003226
2025;Tobacco;15.28964314;15.55435218
2025;Transportation;24.83280336;17.23466258
2025;Transportation (Railroads);19.92768709;18.01354981
2025;Trucking;335.5151302;47.60078905
2025;Utility (General);18.71716615;17.72859703
2025;Utility (Water);23.13437709;22.23521351
2025;Total Market;48.85612744;31.60085472
2025;Total Market (without financials);53.28276287454917;34.70412736159676
2026;Advertising;44.43335288410666;52.87205753477187
2026;Aerospace/Defense;92.80031534792768;45.86731049038893
2026;Air Transport;18.32154666661634;11.366097572177852
2026;Apparel;37.82798638911136;24.887238524765294
2026;Auto & Truck;64.32031076304214;49.0404143673793
2026;Auto Parts;28.07297694836023;15.125009349940363
2026;Bank (Money Center);14.951036175287276;13.043519160123855
2026;Banks (Regional);33.601517651478595;11.00251498249285
2026;Beverage (Alcoholic);28.29629932115329;12.84043664783638
2026;Beverage (Soft);47.76375952172016;23.6967654296752
2026;Broadcasting;44.7592195956879;17.496380154411955
2026;Brokerage & Investment Banking;86.54190898171709;19.857668423089113
2026;Building Materials;32.79846401044874;18.39166264070026
2026;Business & Consumer Services;36.396625335868265;18.70395670353672
2026;Cable TV;6.104795236951989;9.214665345179071
2026;Chemical (Basic);24.4205095931578;22.817367004537495
2026;Chemical (Diversified);;14.169658946254692
2026;Chemical (Specialty);196.77408940834607;19.324818290870468
2026;Coal & Related Energy;17.007588937030416;34.39176487705514
2026;Computer Services;51.59929505052196;56.539525578258136
2026;Computers/Peripherals;81.1319884247503;36.14608213527912
2026;Construction Supplies;42.74757028738539;17.68665124484794
2026;Diversified;15.731003776902918;14.880623073280356
2026;Drugs (Biotechnology);64.27555677843166;63.7588621440246
2026;Drugs (Pharmaceutical);55.667674074614986;24.1877513935209
2026;Education;26.965784711966094;18.114673151582316
2026;Electrical Equipment;80.03961165936393;29.60903066537796
2026;Electronics (Consumer & Office);;19.51111111111111
2026;Electronics (General);48.44335194607289;29.607379325548138
2026;Engineering/Construction;63.33204875099555;28.11354756028617
2026;Entertainment;108.63059346458422;42.73078032449192
2026;Environmental & Waste Services;66.54956588056456;61.06875704872894
2026;Farming/Agriculture;19.115989413055647;19.314358770905702
2026;Financial Svcs. (Non-bank & Insurance);26.138389654542657;16.37554965999033
2026;Food Processing;47.968126344132195;17.23453404458622
2026;Food Wholesalers;26.802893083591172;16.64174749118652
2026;Furn/Home Furnishings;17.38352468395062;20.3438444393584
2026;Green & Renewable Energy;32.24959395302349;42.71208911078014
2026;Healthcare Products;43.06516270029824;42.334138463548705
2026;Healthcare Support Services;83.7666088261665;55.2883534141048
2026;Heathcare Information and Technology;506.5468687021162;37.38008400739415
2026;Homebuilding;11.453496315687763;14.347905676674683
2026;Hospitals/Healthcare Facilities;18.804233489397635;15.65186538384646
2026;Hotel/Gaming;46.60333945899176;29.067223680852234
2026;Household Products;33.071795886517144;16.850918279056067
2026;Information Services;24.917027503636273;13.216406137942396
2026;Insurance (General);33.96447508386147;21.507733994086156
2026;Insurance (Life);12.557446866578934;9.29918190529985
2026;Insurance (Prop/Cas.);18.334441657372928;16.357471629790005
2026;Investments & Asset Management;75.30490832859047;18.770767258468545
2026;Machinery;35.761035877267844;24.06151389061749
2026;Metals & Mining;54.1176014151896;29.816398023177317
2026;Office Equipment & Services;18.55152694828409;10.311300073982958
2026;Oil/Gas (Integrated);16.24390548286594;21.896552012711908
2026;Oil/Gas (Production and Exploration);30.983413096602018;16.144658214240128
2026;Oil/Gas Distribution;23.71726394001627;42.52455384030175
2026;Oilfield Svcs/Equip.;33.30034533821973;21.21722527083615
2026;Packaging & Container;16.42821628874671;15.27783507913951
2026;Paper/Forest Products;12.85053914674168;16.64287528075918
2026;Power;24.741171913768937;17.593770652741394
2026;Precious Metals;26.798624420328615;16.451797046608633
2026;Publishing & Newspapers;15.180436765971056;13.50887930681605
2026;R.E.I.T.;36.95445006717891;45.11272906105418
2026;Real Estate (Development);11.353163449905937;12.34121907088668
2026;Real Estate (General/Diversified);40.24898788383488;14.326923076923077
2026;Real Estate (Operations & Services);107.33525597759802;93.58544014223776
2026;Recreation;119.01498691997652;38.01528526208744
2026;Reinsurance;15.421107266435987;8.1384
2026;Restaurant/Dining;48.32886275673705;31.89787096408461
2026;Retail (Automotive);54.82641508404895;21.881623571266463
2026;Retail (Building Supply);23.465276718235696;23.139041642225948
2026;Retail (Distributors);28.796599056717547;43.84333584228416
2026;Retail (General);51.004021101765886;23.969941526698733
2026;Retail (Grocery and Food);20.541451245026416;14.338597015683874
2026;Retail (REITs);368.6869306176905;44.38685147282873
2026;Retail (Special Lines);314.0097616349124;21.520800324058715
2026;Rubber& Tires;;7.3
2026;Semiconductor;100.18440334282508;37.29265731599145
2026;Semiconductor Equip;46.82523406292883;41.58371842712142
2026;Shipbuilding & Marine;18.873176612753507;11.564871509098312
2026;Shoe;24.474827662843577;17.104491249794627
2026;Software (Entertainment);39.340287731341554;18.52404911072549
2026;Software (Internet);67.21143650446582;64.81226092980671
2026;Software (System & Application);79.1742086869903;34.133892735516035
2026;Steel;47.575359734833086;16.853381956237047
2026;Telecom (Wireless);107.13575943262582;35.626845444954895
2026;Telecom. Equipment;84.71608418708595;39.473957570050814
2026;Telecom. Services;16.78771582738809;26.49875359641569
2026;Tobacco;23.20849327075583;17.640465594812504
2026;Transportation;28.86782830570481;19.762586774599423
2026;Transportation (Railroads);21.52936812241127;20.47395891194937
2026;Trucking;37.42267866557278;46.16900984809447
2026;Utility (General);19.920098071696465;18.129464149422144
2026;Utility (Water);23.065743309076115;21.299658594290136
2026;Total Market;57.86385472116818;27.65973019802466
2026;Total Market (without financials);61.558599091216195;30.88918504993331
