Damodaran_Branche,Anzahl_Unternehmen,ROE_Unadjusted,ROE_RD_Adjusted,Datenstand
Advertising,52,-0.013422566300720232,-0.004994974358901806,2026-01-05
Aerospace/Defense,79,0.15268987249879978,0.11320322643347375,2026-01-05
Air Transport,23,0.1419484078609557,0.13444788101197452,2026-01-05
Apparel,35,0.10420771437290409,0.10370817768358963,2026-01-05
Auto & Truck,33,0.03159322520026207,0.025472020841018444,2026-01-05
Auto Parts,35,0.021741488211912706,0.018318233972457538,2026-01-05
Bank (Money Center),15,0.12860334221749448,0.12860334221749448,2026-01-05
Banks (Regional),568,0.09754318761860904,0.09754318761860904,2026-01-05
Beverage (Alcoholic),14,0.0056819180842404,0.005681928345802123,2026-01-05
Beverage (Soft),27,0.30915585095530196,0.2991637479985385,2026-01-05
Broadcasting,24,0.03985249661675879,0.03985996663414285,2026-01-05
Brokerage & Investment Banking,32,0.17767908407709018,0.17614275676291374,2026-01-05
Building Materials,41,0.15997617762076355,0.14899901030360177,2026-01-05
Business & Consumer Services,155,0.18195761920089848,0.16824530076987645,2026-01-05
Cable TV,9,0.11059819032478371,0.10950140130150016,2026-01-05
Chemical (Basic),29,-0.08289888731246041,-0.07818061089490982,2026-01-05
Chemical (Diversified),4,-0.15302086015967034,-0.1308966979739718,2026-01-05
Chemical (Specialty),59,0.034987853971055624,0.03250325195869316,2026-01-05
Coal & Related Energy,16,-0.02513240711000554,-0.025228723205530615,2026-01-05
Computer Services,64,0.1825059226961266,0.1461110456174526,2026-01-05
Computers/Peripherals,36,-0.0017413160406024974,0.4842749814598282,2026-01-05
Construction Supplies,40,0.22855656826808135,0.19684858686809667,2026-01-05
Diversified,20,0.11373244135744745,0.11232054517930092,2026-01-05
Drugs (Biotechnology),496,-0.0567224880686716,-0.0220970394520888,2026-01-05
Drugs (Pharmaceutical),228,0.24044099573432734,0.11381956804561301,2026-01-05
Education,32,0.15904839202146528,0.13457394266917705,2026-01-05
Electrical Equipment,112,0.015254544403730292,0.015580489150712109,2026-01-05
Electronics (Consumer & Office),8,-0.2880927953264372,-0.12732227698124035,2026-01-05
Electronics (General),114,0.12615730756275645,0.10276282371857558,2026-01-05
Engineering/Construction,48,0.2613749950535173,0.2600929505032561,2026-01-05
Entertainment,92,0.06092763111377839,0.05576481328082752,2026-01-05
Environmental & Waste Services,53,0.1973829594869194,0.19146716095143113,2026-01-05
Farming/Agriculture,35,0.1204025921309046,0.10551355537211776,2026-01-05
Financial Svcs. (Non-bank & Insurance),176,0.28817318153849353,0.2681401573623423,2026-01-05
Food Processing,78,0.04604119204406767,0.044272933398223954,2026-01-05
Food Wholesalers,13,0.18220724511066666,0.1822072451106666,2026-01-05
Furn/Home Furnishings,27,0.03107415077303208,0.02488686573887101,2026-01-05
Green & Renewable Energy,15,-0.07357137161316149,-0.07346262768733423,2026-01-05
Healthcare Products,204,0.11260003642281874,0.09365975479046632,2026-01-05
Healthcare Support Services,104,0.09891791288541897,0.0986776739022394,2026-01-05
Heathcare Information and Technology,115,0.06397363703274217,0.054617858855076445,2026-01-05
Homebuilding,30,0.14231430358554786,0.14231430358554786,2026-01-05
Hospitals/Healthcare Facilities,31,0.5083628028154341,0.502484878541886,2026-01-05
Hotel/Gaming,63,0.4538326736020845,0.33769985151261583,2026-01-05
Household Products,110,0.2702119723935352,0.2379659166642549,2026-01-05
Information Services,15,0.149460900440439,0.1311828829345802,2026-01-05
Insurance (General),21,0.190716563362503,0.18902916598966216,2026-01-05
Insurance (Life),20,0.12873529635151773,0.12873529635151773,2026-01-05
Insurance (Prop/Cas.),57,0.18714725400678406,0.18714391808423578,2026-01-05
Investments & Asset Management,283,0.15880676782898712,0.15766498153859373,2026-01-05
Machinery,105,0.16423121638505028,0.1510713416940814,2026-01-05
Metals & Mining,73,0.17794348748808222,0.17616558592869058,2026-01-05
Office Equipment & Services,14,0.1322566194736466,0.10860732646156457,2026-01-05
Oil/Gas (Integrated),4,0.09957502140399105,0.09882608887541187,2026-01-05
Oil/Gas (Production and Exploration),142,0.12211066139642923,0.12067460404121799,2026-01-05
Oil/Gas Distribution,23,0.18032702415722426,0.18025068364203117,2026-01-05
Oilfield Svcs/Equip.,97,0.08646041260503463,0.08234577597744457,2026-01-05
Packaging & Container,19,0.12293731853965369,0.11803714141287515,2026-01-05
Paper/Forest Products,6,0.07013649983353679,0.07047877211619474,2026-01-05
Power,46,0.12399093984234143,0.12368415984583636,2026-01-05
Precious Metals,56,0.23523056888876692,0.23168889575835933,2026-01-05
Publishing & Newspapers,19,0.13834733920348685,0.13013798554759845,2026-01-05
R.E.I.T.,190,0.05037954337741777,0.05037475641286372,2026-01-05
Real Estate (Development),14,0.05060545910919269,0.0506054591091927,2026-01-05
Real Estate (General/Diversified),12,0.10767597507500577,0.10767597507500576,2026-01-05
Real Estate (Operations & Services),54,0.03303284726431277,0.031759467235196945,2026-01-05
Recreation,49,-0.1276115597172532,-0.10375816964795116,2026-01-05
Reinsurance,1,0.07791857643569695,0.07791857643569697,2026-01-05
Restaurant/Dining,64,0.0010275118300474612,0.0010275118300474612,2026-01-05
Retail (Automotive),34,0.34384064730254443,0.34321509179896936,2026-01-05
Retail (Building Supply),14,,,2026-01-05
Retail (Distributors),62,0.1833373242733274,0.1830391240500371,2026-01-05
Retail (General),23,0.26052308288353043,0.17178187695719507,2026-01-05
Retail (Grocery and Food),15,0.12897574047835317,0.10998501231982011,2026-01-05
Retail (REITs),26,0.06364375400351006,0.06363480624433729,2026-01-05
Retail (Special Lines),94,0.30115075589442497,0.29672325492241886,2026-01-05
Rubber& Tires,3,-0.3640800083778406,-0.2891822757653272,2026-01-05
Semiconductor,66,0.31364715776513896,0.22332083683594228,2026-01-05
Semiconductor Equip,31,0.3577797316274757,0.2408004720374814,2026-01-05
Shipbuilding & Marine,8,0.10153624613557122,0.10153624613557122,2026-01-05
Shoe,11,0.1948971193415638,0.1928318148811346,2026-01-05
Software (Entertainment),77,0.36508850605050824,0.2402763551255518,2026-01-05
Software (Internet),29,-0.01469962217495586,0.0002719147106055063,2026-01-05
Software (System & Application),309,0.2962489469128928,0.20207672077851566,2026-01-05
Steel,19,0.03679172566231069,0.036789277005301255,2026-01-05
Telecom (Wireless),12,0.16061396496184466,0.16037443514060104,2026-01-05
Telecom. Equipment,57,0.2495656053027011,0.16188707697527394,2026-01-05
Telecom. Services,39,0.19817526096196145,0.19467205018988779,2026-01-05
Tobacco,10,,,2026-01-05
Transportation,19,0.3658208748571981,0.31745806395527937,2026-01-05
Transportation (Railroads),4,0.29067477582274653,0.29067477582274653,2026-01-05
Trucking,26,0.07602721205023472,0.07521525624664492,2026-01-05
Utility (General),14,0.10415514586399638,0.10415514586399638,2026-01-05
Utility (Water),14,0.10281440787691666,0.10269736386056277,2026-01-05
Total Market,5994,0.17212372991864594,0.14706818500373775,2026-01-05
Total Market (without financials),4822,0.17602001210752405,0.1443552385066051,2026-01-05
