Ticker,Faktor,Bewertung,Status,Quelle,Stand,Begründung,Hauptkonkurrenten,GAAP EPS,Adjusted EPS,Bereinigungsquote,Bereinigungsursache
MSFT,Burggraben / Wettbewerbsposition,5,Bewertbar,Manuelle Kalibrierung,2026-09-08,Sehr starke Plattform- und Ökosystemvorteile,,,,,
MSFT,Kapitalallokation,5,Bewertbar,Manuelle Kalibrierung,2026-09-08,Sehr starke Reinvestition und disziplinierte Kapitalallokation,,,,,
MSFT,Management & Governance,4,Bewertbar,Manuelle Kalibrierung,2026-09-08,Starkes Management mit hoher operativer Qualität,,,,,
MSFT,Bilanzierungs-/Ergebnisqualität,5,Bewertbar,Manuelle Kalibrierung,2026-09-08,Hohe Transparenz und belastbare Ergebnisqualität,,,,,
MSFT,Strukturelle Geschäftsrisiken,4,Bewertbar,Manuelle Kalibrierung,2026-09-08,Regulatorische Risiken vorhanden aber gut beherrschbar,,,,,
ALV.DE,Burggraben / Wettbewerbsposition,4,Bewertbar,Gemini mit Google Search,2026-09-08,"Allianz verfügt als einer der weltweit größten Allbranchenversicherer und Asset Manager über erhebliche Skalen- und Kostenvorteile sowie eine der stärksten globalen Marken in der Finanzbranche. Die Kombination aus breiter geografischer Verteilung, starkem Vertriebsnetz und Synergien mit der Vermögensverwaltung (PIMCO/AGI) bildet einen dauerhaften Wettbewerbsvorteil, wenngleich Wechselkosten im Versicherungsgeschäft moderat ausfallen.",AXA · Zurich Insurance Group · Generali,,,,
ALV.DE,Kapitalallokation,4,Bewertbar,Gemini mit Google Search,2026-09-08,"Das Unternehmen zeigt eine hochdisziplinierte Kapitalsteuerung mit einer Solvenzquote (Solvency II) von klar über 200 %, die weit über der regulatorischen Mindestanforderung liegt. Das Kapital wird primär für organisches Wachstum, gezielte strategische Zukäufe (z. B. UOB Asset Management) und regelmäßige Aktienrückkaufprogramme verwendet, was auf eine konsequente shareholder-value-orientierte Allokation hinweist.",,,,,
ALV.DE,Management & Governance,4,Bewertbar,Gemini mit Google Search,2026-09-08,"Das Management um CEO Oliver Bäte zeichnet sich durch langjährige Erfahrung, strategische Kontinuität und eine erfolgreiche operative Umsetzung aus, was sich in stetig steigenden operativen Ergebnissegmenten widerspiegelt. Governance- und Risikokontrollstrukturen wurden gestärkt, und die Transparenz gegenüber dem Kapitalmarkt ist hoch.",,,,,
ALV.DE,Bilanzierungs-/Ergebnisqualität,4,Bewertbar,Gemini mit Google Search,2026-09-08,"Die Rechnungslegung nach IFRS 17/9 sowie die detaillierte Berichterstattung über den Solvency and Financial Condition Report (SFCR) bieten eine hohe Transparenz. Das operative Ergebnis wird nachvollziehbar von nicht-operativen Marktschwankungen abgegrenzt, und die Reservierungsqualität im Schaden- und Unfallgeschäft ist historisch solide.",,,,,
ALV.DE,Strukturelle Geschäftsrisiken,3,Bewertbar,Gemini mit Google Search,2026-09-08,"Als globaler Finanzkonzern unterliegt Allianz strukturellen externen Risiken wie strengen regulatorischen Anforderungen (Solvency II), Zins- und Kapitalmarktschwankungen sowie einer steigenden Frequenz von Naturkatastrophen durch den Klimawandel. Die starke geografische und spartenübergreifende Diversifikation mildert diese branchenspezifischen Risiken jedoch effektiv ab.",,,,,
NVDA,Burggraben / Wettbewerbsposition,5,Bewertbar,4sysops.com | medium.com | sundeepteki.org | introl.com | biggo.com | zacks.com | thefoundernation.com | tmgm.com,2026-09-08,"NVIDIA verfügt über eine dominante Marktposition bei KI-Beschleunigern und Grafikprozessoren, die durch das seit 2006 gewachsene CUDA-Softwareökosystem abgesichert ist. Dieses erzeugt extrem hohe Wechselkosten und direkte Netzwerkeffekte bei Entwicklern. Ergänzt durch System-Ebenen-Innovationen (z. B. NVLink, InfiniBand) und massive Skalenvorteile ergeben sich herausragende technologische Eintrittsbarrieren.",Advanced Micro Devices (AMD) · Intel Corporation · Broadcom Inc.,,,,
NVDA,Kapitalallokation,5,Bewertbar,4sysops.com | medium.com | sundeepteki.org | introl.com | biggo.com | zacks.com | thefoundernation.com | tmgm.com,2026-09-08,Sehr hohe Effizienz bei der Kapitalverwendung: Reinvestitionen fließen zielgerichtet in zweistellige Milliardenbeträge für F&E sowie strategisch wertvolle Ergänzungsübernahmen (z. B. Mellanox). Der verbleibende freie Cashflow wird durch umfangreiche Aktienrückkaufprogramme diszipliniert an die Aktionäre zurückgegeben.,,,,,
NVDA,Management & Governance,5,Bewertbar,4sysops.com | medium.com | sundeepteki.org | introl.com | biggo.com | zacks.com | thefoundernation.com | tmgm.com,2026-09-08,"Gründer und CEO Jensen Huang prägt das Unternehmen seit 1993 mit exzellenter strategischer Weitsicht. Sein persönlicher Aktienanteil von knapp 3,5–3,8 % sichert eine sehr hohe Interessensangleichung mit den Aktionären. Es besteht eine transparente Governance-Struktur mit einer Stammaktienklasse (Einstimmrechtsprinzip) und unabhängiger Board-Überwachung.",,,,,
NVDA,Bilanzierungs-/Ergebnisqualität,5,Bewertbar,4sysops.com | medium.com | sundeepteki.org | introl.com | biggo.com | zacks.com | thefoundernation.com | tmgm.com,2026-09-08,"Sehr hohe Qualität und Transparenz der Berichterstattung bei starker Übereinstimmung von operativem Cashflow und Nettoeinkommen. GAAP- und Non-GAAP-Überleitungen sind klar nachvollziehbar; seit FY2027 wird aktienbasierte Vergütung (SBC) nicht mehr aus dem Non-GAAP-Ergebnis herausgerechnet, was die Ergebnisaussagekraft weiter stärkt.",,,,,
NVDA,Strukturelle Geschäftsrisiken,2,Bewertbar,4sysops.com | medium.com | sundeepteki.org | introl.com | biggo.com | zacks.com | thefoundernation.com | tmgm.com,2026-09-08,"Erhöhte strukturelle Risiken durch die vollständige Abhängigkeit von TSMC in Taiwan als einzigem Auftragsfertiger führender KI-Chips (geopolitische und Lieferketten-Konzentration). Hinzu kommen eine hohe Umsatzkonzentration auf wenige Cloud-Hyperscaler, die zunehmend eigene KI-ASICs entwickeln, sowie anhaltende geopolitische US-Exportbeschränkungen.",,,,,
NEM.DE,Burggraben / Wettbewerbsposition,4,Bewertbar,Gemini mit Google Search,2026-10-03,"Nemetschek verfügt über eine sehr starke Marktposition in der AECO-Softwarebranche (Architektur, Ingenieurwesen, Bau, Betrieb) mit etablierten Marken wie ALLPLAN, Bluebeam und Graphisoft. Hohe Wechselkosten, tief in Kundenworkflows integrierte Standards (OPEN BIM) und Netzwerkeffekte zwischen Projektbeteiligten sichern die Wettbewerbsposition dauerhaft ab.",Autodesk · Bentley Systems · Trimble,,,,
NEM.DE,Kapitalallokation,4,Bewertbar,Gemini mit Google Search,2026-10-03,Disziplinierte und wertschöpfende Kapitalallokation. Strategisch sinnvolle Übernahmen (z. B. GoCanvas zur Erweiterung der Baustellen-Digitalisierung und HCSS zur Stärkung der Infrastruktursparte) ergänzen das organische Wachstum und den Übergang zu einem wiederkehrenden Subscription/SaaS-Geschäftsmodell. Der starke operative Cashflow ermöglicht die rasche Entschuldung nach Zukäufen.,,,,,
NEM.DE,Management & Governance,4,Bewertbar,Gemini mit Google Search,2026-10-03,Erfahrenes Management unter Führung von CEO Yves Padrines mit klarem strategischem Fokus auf die Transformation zum SaaS-/KI-Softwareanbieter. Stabile Ankeraktionärsstruktur durch die Gründerfamilie Nemetschek/Stiftungen schafft langfristige Ausrichtung; die Corporate Governance entspricht hohen MDAX/TecDAX-Standards.,,,,,
NEM.DE,Bilanzierungs-/Ergebnisqualität,4,Bewertbar,Gemini mit Google Search,2026-10-03,Hohe Verlässlichkeit und Transparenz in der IFRS-Rechnungslegung. Das Ergebnis ist von hoher Qualität und wird durch eine exzellente Cash-Conversion (>100 %) gestützt. Steigende wiederkehrende Umsätze (ARR-Anteil >85 %) erhöhen die Vorhersehbarkeit der Cashflows. Das Unternehmen weist primär IFRS-Kennzahlen aus und berichtet kein offizielles bereinigtes EPS als Hauptkennzahl.,,,,,
NEM.DE,Strukturelle Geschäftsrisiken,4,Bewertbar,Gemini mit Google Search,2026-10-03,"Geringe Kunden- und Lieferantenkonzentration bei über 7 Millionen Nutzern weltweit. Die Diversifikation über verschiedene Segmentbereiche (Design, Build, Manage, Media) und Geografien mildert externe Schocks ab. Die Umstellung auf SaaS reduziert zudem die Abhängigkeit von Baukonjunkturzyklen.",,,,,
285A.T,Burggraben / Wettbewerbsposition,2,Bewertbar,Gemini mit Google Search,2026-10-03,Trotz bedeutender Marktanteile im NAND-Flash-Markt und Größenvorteilen durch das Produktions-Joint-Venture mit SanDisk/Western Digital unterliegt Kioxia dem zyklischen Standardprodukt-Charakter von Speicherchips ohne ausgeprägte Wechselkosten oder Netzwerkeffekte.,Samsung Electronics · SK Hynix · Micron Technology,,,,
285A.T,Kapitalallokation,4,Bewertbar,Gemini mit Google Search,2026-10-03,"Erfolgreicher Abbau der LBO-Altverbindlichkeiten bis zum Erreichen einer Netto-Cash-Position, fokussierte Reinvestitionen in zukunftsträchtige BiCS-Flash-Technologien sowie die Ankündigung substanzieller Aktienrückkäufe demonstrieren eine disziplinierte Kapitalverwendung.",,,,,
285A.T,Management & Governance,3,Bewertbar,Gemini mit Google Search,2026-10-03,"Solide operative Führung und transparente IFRS-Berichterstattung nach der Abspaltung von Toshiba und dem Börsengang, begleitet von einer klaren strategischen Fokussierung auf hochmargige KI- und Rechenzentren-Märkte.",,,,,
285A.T,Bilanzierungs-/Ergebnisqualität,3,Bewertbar,Gemini mit Google Search,2026-10-03,"Gute Transparenz in der IFRS-Finanzberichterstattung mit verständlichen Überleitungsrechnungen für Nicht-GAAP-Größen (z. B. Bereinigung um aktienbasierte Vergütungen und Rückstellungen für Rechtsstreitigkeiten), wenngleich die Ergebnisse stark von der extremen Speicherpreisvolatilität überlagert werden.",,,,,
285A.T,Strukturelle Geschäftsrisiken,2,Bewertbar,Gemini mit Google Search,2026-10-03,Erhöhte strukturelle Risiken durch geopolitische und regulatorische Spannungen im Halbleiteraussektor (z. B. US-China-Technologiesanktionen) sowie eine hohe geografische Fertigungskonzentration an den japanischen Standorten Yokkaichi und Kitakami.,,,,,
HAFN,Burggraben / Wettbewerbsposition,3,Bewertbar,hafnia.com | bw-group.com | substack.com | seekingalpha.com | cadeler.com | stocktitan.net | morningstar.com | offshore-energy.biz,2026-10-03,"Hafnia ist der weltgrößte Eigner und Betreiber von Produkttankern sowie Betreiber führender kommerzieller Schifffahrtspools. Das Unternehmen erzielt daraus spürbare Skalen- und Kostenvorteile bei den Schiffsbetriebskosten und dem Bunkereinkauf. Allerdings ist die Frachtschifffahrt von Raffinerie- und Chemieprodukten ein weitgehend homogenes Commodity-Geschäft ohne Preissetzungsmacht oder Wechselkosten, weshalb kein dauerhafter breiter Burggraben vorliegt.",Scorpio Tankers Inc. · TORM plc · Ardmore Shipping Corporation,,,,
HAFN,Kapitalallokation,4,Bewertbar,hafnia.com | bw-group.com | substack.com | seekingalpha.com | cadeler.com | stocktitan.net | morningstar.com | offshore-energy.biz,2026-10-03,"Das Management beweist eine disziplinierte und strategisch durchdachte Kapitalallokation. Neben kontinuierlichen Flottenerneuerungen hin zu effizienteren Einheiten agiert Hafnia antizyklisch bei Akquisitionen (z. B. Übernahme von CTI, strategische Beteiligung an TORM) und stellt über eine LTV-basierte Kapitalrückgabe den Abbau von Verbindlichkeiten vor Reinvestition und Ausschüttungen sicher.",,,,,
HAFN,Management & Governance,4,Bewertbar,hafnia.com | bw-group.com | substack.com | seekingalpha.com | cadeler.com | stocktitan.net | morningstar.com | offshore-energy.biz,2026-10-03,Erfahrenes Führungsteam unter CEO Mikael Skov mit langjähriger Erfolgsbilanz in der Tankschifffahrt. Mit der BW Group als Ankeraktionär besteht eine starke Interessensangleichung und verlässliche Governance-Struktur. Hafnia erfüllt die Transparenzanforderungen einer Doppellistung an der Börse Oslo und der NYSE.,,,,,
HAFN,Bilanzierungs-/Ergebnisqualität,3,Bewertbar,hafnia.com | bw-group.com | substack.com | seekingalpha.com | cadeler.com | stocktitan.net | morningstar.com | offshore-energy.biz,2026-10-03,Verlässliche Berichterstattung nach IFRS mit guter Cashflow-Konvertierung des Periodenergebnisses. Ein vom Unternehmen offiziell ausgewiesenes und übergeleitetes bereinigtes Non-GAAP-EPS wird in den Berichten nicht als primäre Finanzkennzahl geführt. Kleinere Darstellungsanpassungen (z. B. Korrektur der Flottenwertpräsentation bei Joint Ventures im Q1 2025) hatten keine finanziellen Auswirkungen auf GuV oder Bilanz.,,,,,
HAFN,Strukturelle Geschäftsrisiken,2,Bewertbar,hafnia.com | bw-group.com | substack.com | seekingalpha.com | cadeler.com | stocktitan.net | morningstar.com | offshore-energy.biz,2026-10-03,"Erhöhte strukturelle Risiken durch die direkte Abhängigkeit vom weltweiten Handel mit fossilen Treibstoffen und Raffinerieprodukten. Zunehmende Dekarbonisierungsauflagen (IMO-Vorschriften, EU ETS) erfordern hohe Zukunftsinvestitionen. Zudem besteht eine hohe Anfälligkeit für geopolitische Verschiebungen von Seewegen, Frachtrouten und internationalen Sanktionsregimen.",,,,,
TMDX,Burggraben / Wettbewerbsposition,4,Bewertbar,Gemini mit Google Search,2026-10-03,"TransMedics verfügt über einen starken Wettbewerbsvorteil durch sein proprietäres, FDA-zugelassenes Organ Care System (OCS) für Herz, Lunge und Leber. Durch die vertikale Integration mit dem National OCS Program (NOP) und einer eigenen Luft- und Landtransport-Logistikflotte erzeugt das Unternehmen hohe Wechselkosten für Transplantationszentren sowie beträchtliche regulatorische und operative Eintrittsbarrieren.",XVIVO Perfusion · Paragonix Technologies · OrganOx,,,,
TMDX,Kapitalallokation,4,Bewertbar,Gemini mit Google Search,2026-10-03,"Die Kapitalallokation ist stark auf den Ausbau des Alleinstellungsmerkmals ausgerichtet. Strategische Übernahmen von Luftfahrt-Assets (Summit Aviation, PAD Aviation) sichern die Logistikinfrastruktur des NOP-Modells in den USA und Europa ab. Zudem reinvestiert das Unternehmen konsequent hohe Mittel in F&E zur Erweiterung der Indikationen (z. B. OCS Kidney) und die Entwicklung der nächsten Technologiegeneration (OCS 3.0).",,,,,
TMDX,Management & Governance,4,Bewertbar,Gemini mit Google Search,2026-10-03,Gründer und CEO Dr. Waleed Hassanein steuert das Unternehmen mit hoher Fachkompetenz als ehemaliger Herzchirurg und zeigt eine hervorragende operative Umsetzung bei der Skalierung der OCS-Plattform. Die Governance-Strukturen erwiesen sich als belastbar: Vorwürfe aus einem Short-Seller-Bericht wurden durch eine unabhängige forensische Untersuchung (Kirkland & Ellis) entkräftet.,,,,,
TMDX,Bilanzierungs-/Ergebnisqualität,4,Bewertbar,Gemini mit Google Search,2026-10-03,"Die Finanzberichterstattung ist transparent und zeigt einen nachvollziehbaren Übergang in die nachhaltige GAAP-Profitabilität ab FY2024/2025. Für das jüngste abgeschlossene Geschäftsjahr (FY2025) wies das Unternehmen kein offizielles bereinigtes bzw. Non-GAAP EPS aus (die Einführung von Non-GAAP EPS-Kennzahlen erfolgte erst ab Q1 2026), weshalb für FY2025 kein belastbares direkt vergleichbares Paar vorliegt.",,,,,
TMDX,Strukturelle Geschäftsrisiken,2,Bewertbar,Gemini mit Google Search,2026-10-03,"Erhöhtes Risiko aufgrund doppelter regulatorischer Abhängigkeiten: Das Geschäftsmodell unterliegt sowohl strikten medizintechnischen Vorgaben (FDA, CE-Kennzeichnung, UNOS-Richtlinien) als auch Luftfahrtregulierungen (FAA, EASA) für die eigene Transportflotte. Zudem bestehen operative Risiken bei der Flotteninstandhaltung sowie eine Abhängigkeit von der Verfügbarkeit von Spenderorganen.",,,,,
EVD.DE,Burggraben / Wettbewerbsposition,4,Bewertbar,publicnow.com | sacra.com | drummersblog.de | nebenwerte-magazin.com | eventim.de | deutsche-boerse.com | xbrl.org | boersengefluester.de,2026-10-05,"CTS Eventim ist Marktführer in Europa und die weltweite Nummer zwei im Bereich Ticketing und Live-Entertainment. Das Geschäftsmodell profitiert von starken zweiseitigen Netzwerkeffekten zwischen Veranstaltern, Spielstätten und Endkunden sowie hohen Wechselkosten für Ticketplattform-Nutzer und Venues, die durch eigene Arenen und exklusive Ticketing-Systeme abgesichert werden.",Live Nation Entertainment (Ticketmaster) · StubHub · Eventbrite,,,,
EVD.DE,Kapitalallokation,4,Bewertbar,publicnow.com | sacra.com | drummersblog.de | nebenwerte-magazin.com | eventim.de | deutsche-boerse.com | xbrl.org | boersengefluester.de,2026-10-05,"Das Management tätigt kontinuierlich zielgerichtete Reinvestitionen in die eigene Ticketing-Technologie und schließt wertschöpfende Akquisitionen ab, um die internationale Expansion voranzutreiben. Großprojekte wie Arenabauten (z. B. Unipol Dome in Mailand) werden aus dem laufenden Cashflow und einer konsistenten Finanzierungsstruktur heraus gestemmt.",,,,,
EVD.DE,Management & Governance,3,Bewertbar,publicnow.com | sacra.com | drummersblog.de | nebenwerte-magazin.com | eventim.de | deutsche-boerse.com | xbrl.org | boersengefluester.de,2026-10-05,Gründer und CEO Klaus-Peter Schulenberg sichert über seine Beteiligung eine hohe Interessenangleichung. Die Rechtsform der KGaA begrenzt jedoch die Einflussmöglichkeiten der Minderheitsaktionäre. Zudem sorgt das kurzfristige Ausscheiden von CFO Dr. William Willms im September 2026 für temporäre Unruhe in der Governance-Struktur.,,,,,
EVD.DE,Bilanzierungs-/Ergebnisqualität,4,Bewertbar,publicnow.com | sacra.com | drummersblog.de | nebenwerte-magazin.com | eventim.de | deutsche-boerse.com | xbrl.org | boersengefluester.de,2026-10-05,"Transparente und verlässliche Rechnungslegung nach IFRS mit hoher Cashflow-Konversion. Das Unternehmen berichtet operativ mit einem bereinigten EBITDA (Bereinigungen im Wesentlichen für M&A-Integrationskosten und Sonder- bzw. Transaktionsaufwendungen), weist aber kein offizielles bereinigtes EPS (Non-GAAP EPS) je Aktie aus.",,,,,
EVD.DE,Strukturelle Geschäftsrisiken,3,Bewertbar,publicnow.com | sacra.com | drummersblog.de | nebenwerte-magazin.com | eventim.de | deutsche-boerse.com | xbrl.org | boersengefluester.de,2026-10-05,Strukturelles Risiko resultiert aus der anhaltend strengen behördlichen und kartellrechtlichen Überwachung (z. B. Bundeskartellamt) der vertikalen Integration von Ticketvertrieb und Event-Veranstaltung sowie aus der Abhängigkeit von exklusiven Lizenz- und Vorverkaufsverträgen.,,,,,
AZN.ST,Burggraben / Wettbewerbsposition,4,Bewertbar,astrazeneca.com | fiercepharma.com | nih.gov | patsnap.com | theguardian.com | scribd.com | proclinical.com | pharmaboardroom.com,2026-10-05,"AstraZeneca verfügt über eine sehr starke Wettbewerbsposition, gestützt auf ein breit gefächertes Portfolio patentgeschützter Blockbuster-Medikamente in den Bereichen Onkologie, BioPharmaceuticals und seltene Erkrankungen (z. B. Alexion-Portfolio). Das Unternehmen profitiert von hohen regulatorischen Eintrittsbarrieren, patentrechtlicher Exklusivität sowie erheblichen Skalenvorteilen in Forschung, klinischer Entwicklung und globaler Vermarktung.",Roche · Novartis · Merck & Co.,,,,
AZN.ST,Kapitalallokation,4,Bewertbar,astrazeneca.com | fiercepharma.com | nih.gov | patsnap.com | theguardian.com | scribd.com | proclinical.com | pharmaboardroom.com,2026-10-05,"Die Kapitalallokation zeichnet sich durch hohe Disziplin und Fokussierung auf margenstarke Kernbereiche aus. F&E-Reinvestitionen erzielen eine hohe Produktivität, ergänzt durch wertschöpfende Akquisitionen (wie Alexion im Bereich seltene Erkrankungen) und strategische Co-Entwicklungspartnerschaften (z. B. mit Daiichi Sankyo).",,,,,
AZN.ST,Management & Governance,4,Bewertbar,astrazeneca.com | fiercepharma.com | nih.gov | patsnap.com | theguardian.com | scribd.com | proclinical.com | pharmaboardroom.com,2026-10-05,"Unter der langjährigen Führung von CEO Pascal Soriot hat das Management den Konzern erfolgreich zu einem führenden Innovations- und Wachstumsträger der Pharmabrande umgestaltet. Die Governance- und Kontrollstrukturen sind ausgereift und transparent, wenngleich Vorstandsvergütungen gelegentlich Gegenstand öffentlicher Diskussionen sind.",,,,,
AZN.ST,Bilanzierungs-/Ergebnisqualität,3,Bewertbar,astrazeneca.com | fiercepharma.com | nih.gov | patsnap.com | theguardian.com | scribd.com | proclinical.com | pharmaboardroom.com,2026-10-05,"Die Berichterstattung ist hochgradig transparent und entspricht internationalen Rechnungslegungsstandards. Branchenüblich weist AstraZeneca erhebliche Abweichungen zwischen GAAP- und bereinigtem Core-Ergebnis auf, die primär durch akquisitionsbedingte Abschreibungen und Restrukturierungen bedingt sind.",,6.54,9.16,28.6,"Wiederkehrende Bereinigungen betreffen im Wesentlichen die Amortisation und Wertminderungen immaterieller Vermögenswerte (aus Akquisitionen wie Alexion), Kosten für globale Restrukturierungsprogramme, akquisitionsbedingte Neubewertungen und rechtliche Vergleiche sowie deren steuerliche Effekte."
AZN.ST,Strukturelle Geschäftsrisiken,3,Bewertbar,astrazeneca.com | fiercepharma.com | nih.gov | patsnap.com | theguardian.com | scribd.com | proclinical.com | pharmaboardroom.com,2026-10-05,"Das Geschäftsmodell unterliegt Branchenrisiken wie drohenden Patentabläufen (Patent Cliffs), strengen regulatorischen Zulassungshürden sowie zunehmendem politischem Preisdruck auf Arzneimittel (z. B. US Inflation Reduction Act und staatliche Preiskontrollen). AstraZeneca mildert diese Risiken durch eine starke geografische und therapeutische Diversifikation ab.",,,,,
9202.T,Burggraben / Wettbewerbsposition,3,Bewertbar,note.com | oag.com | ch-aviation.com | reddit.com | ana.co.jp | anahd.co.jp | newsonjapan.com | airlineratings.com,2026-10-05,"ANA Holdings ist Japans größte Fluggesellschaft und verfügt über ein dichtes nationales sowie internationales Streckennetz mit wertvollen Slot-Rechten an den stark kapazitätsbeschränkten Drehkreuzen Tokyo Haneda und Narita. Das Multi-Marken-Modell (All Nippon Airways, Peach Aviation, Nippon Cargo Airlines) und die starken Kundenbindungsprogramme bieten hohe Eintrittsbarrieren im Heimatmarkt. Strukturell begrenzen jedoch die hohe Kapitalintensität der Branche, fehlende Wechselkosten für Passagiere und intensiver regionaler Wettbewerb das Potenzial für einen breiten, dauerhaften Burggraben.",Japan Airlines (JAL) · Singapore Airlines · Cathay Pacific,,,,
9202.T,Kapitalallokation,3,Bewertbar,note.com | oag.com | ch-aviation.com | reddit.com | ana.co.jp | anahd.co.jp | newsonjapan.com | airlineratings.com,2026-10-05,"Die Kapitalallokation ist ausgewogen und diszipliniert. Das Unternehmen investiert gezielt in die Flottenmodernisierung mit treibstoffeffizienten Flugzeugen (u. a. Boeing 787, Airbus A321xlr), baut die digitale Infrastruktur aus und hat durch die Vollübernahme von Nippon Cargo Airlines (NCA) seine Marktposition im Frachtgeschäft gestärkt. Zudem adressiert die Strategie „Value Creation Roadmap 2030“ eine renditeorientierte Kapitalsteuerung. Höhere Reinvestitionspflichten in der Luftfahrtbranche schränken den freien Spielraum jedoch ein.",,,,,
9202.T,Management & Governance,4,Bewertbar,note.com | oag.com | ch-aviation.com | reddit.com | ana.co.jp | anahd.co.jp | newsonjapan.com | airlineratings.com,2026-10-05,"ANA Holdings verfügt über eine transparente Governance-Struktur im Rahmen des Holding-Modells. Der Verwaltungsrat erfüllt die Vorgaben der Tokioter Börse bezüglich unabhängiger externer Direktoren (über ein Drittel) und verfügt über funktionierende Kontroll- sowie Prüfungsausschüsse. Das Management weist eine hohe operative Exzellenz auf, reagiert flexibel auf Nachfrageschwankungen und pflegt eine detaillierte, verlässliche Investor-Relations-Kommunikation.",,,,,
9202.T,Bilanzierungs-/Ergebnisqualität,4,Bewertbar,note.com | oag.com | ch-aviation.com | reddit.com | ana.co.jp | anahd.co.jp | newsonjapan.com | airlineratings.com,2026-10-05,"Die Berichterstattung nach Japanese GAAP zeichnet sich durch hohe Zuverlässigkeit, Transparenz und Nachvollziehbarkeit aus. Das Unternehmen vermeidet verschleiernde, wiederkehrende Non-GAAP-Bereinigungen in seinen Hauptfinanzberichten. Ein direkt vergleichbares Paar aus verwässertem GAAP-EPS und vom Unternehmen ausgewiesenem bereinigtem Non-GAAP-EPS wird in den primären Berichten nicht separat ausgewiesen.",,,,,
9202.T,Strukturelle Geschäftsrisiken,2,Bewertbar,note.com | oag.com | ch-aviation.com | reddit.com | ana.co.jp | anahd.co.jp | newsonjapan.com | airlineratings.com,2026-10-05,"Das Geschäftsmodell unterliegt erheblichen strukturellen externen Absehbar- und Abhängigkeiten. Dazu gehören eine hohe Sensitivität gegenüber Kerosinpreisen, Währungsschwankungen (US-Dollar/Yen), Lieferkettenengpässe und Auslieferungsverzögerungen bei Flugzeugherstellern (Boeing/Airbus) sowie strenger werdende Umwelt- und Dekarbonisierungsvorschriften (GX League, SAF-Quoten). Zudem besteht eine geografische Konzentration auf den japanischen Ziel- und Abflugmarkt.",,,,,
KCR.HE,Burggraben / Wettbewerbsposition,4,Bewertbar,omxgroup.com | wikipedia.org | konecranes.com | cision.com | seekingalpha.com,2026-10-06,"Konecranes verfügt über eine führende globale Marktposition bei Industrie- und Hafenkranen sowie Kran-Dienstleistungen. Hohe Wechselkosten und Kundenbindung entstehen durch die weltweite Service-Infrastruktur, proprietäre Ersatzteile und integrierte Telematik-/IoT-Lösungen (TRUCONNECT). Skalenvorteile in der Fertigung und im weltweiten Netz stärken die Wettbewerbsposition nachhaltig.",Cargotec · ZPMC · Liebherr,,,,
KCR.HE,Kapitalallokation,4,Bewertbar,omxgroup.com | wikipedia.org | konecranes.com | cision.com | seekingalpha.com,2026-10-06,"Ausgewogene und wertschaffende Kapitalallokationsstrategie mit disziplinierten F&E-Reinvestitionen (z. B. Elektrifizierung), gezielten Ergänzungsakquisitionen zur regionalen Netzwerkerweiterung (Bolt-on M&A) und Aktienrückkaufprogrammen bei solider Bilanzstruktur.",,,,,
KCR.HE,Management & Governance,4,Bewertbar,omxgroup.com | wikipedia.org | konecranes.com | cision.com | seekingalpha.com,2026-10-06,"Hohe operative Umsetzungsqualität und strategische Klarheit, was sich in einer kontinuierlichen Steigerung der EBITA-Marge zeigt. Die Vorstandsvergütung ist durch Performance Share Plans transparent an vergleichbare EPS-Entwicklungen, Umsatzwachstum und ESG-Ziele gekoppelt. Vollständige Befolgung des finnischen Corporate Governance Codes.",,,,,
KCR.HE,Bilanzierungs-/Ergebnisqualität,4,Bewertbar,omxgroup.com | wikipedia.org | konecranes.com | cision.com | seekingalpha.com,2026-10-06,"Hohe Transparenz in der IFRS-Rechnungslegung mit uneingeschränkten Prüfungstestaten. Das Unternehmen weist Bereinigungen auf EBITA-Ebene (z. B. Restrukturierungskosten, M&A-Transaktionskosten) nachvollziehbar aus, stellt jedoch in den primären Finanzberichten kein direkt vergleichbares Paar aus GAAP- und Adjusted-EPS dar.",,,,,
KCR.HE,Strukturelle Geschäftsrisiken,3,Bewertbar,omxgroup.com | wikipedia.org | konecranes.com | cision.com | seekingalpha.com,2026-10-06,"Geschäftsmodellunterliegende Risiken resultieren aus der Abhängigkeit vom globalen Containerumschlag, Hafeninvestitionen und internationalen Handelsspannungen/Zöllen. Diese werden durch eine hohe geografische Diversifizierung und den expandierenden, margenstarken Service-Bereich abgefedert.",,,,,
NU,Burggraben / Wettbewerbsposition,5,Bewertbar,poder360.com.br | nubank.com.br | businesswire.com | seudinheiro.com | nu.com | sec.gov | mercadoeconsumo.com.br | 247wallst.com,2026-10-06,"Außergewöhnlich starke Marktposition als führende digitale Finanzplattform Lateinamerikas mit über 130 Millionen Kunden. Hohe Wechselkosten durch Primärbank-Beziehungen, enorme Skalen- und Kostenvorteile (Cost-to-Serve unter 1 USD pro aktivem Kunden) sowie hohe Markenstärke (""roxinho"") bilden einen dauerhaften strukturellen Wettbewerbsvorteil.",Itaú Unibanco · Banco Bradesco · Mercado Pago,,,,
NU,Kapitalallokation,4,Bewertbar,poder360.com.br | nubank.com.br | businesswire.com | seudinheiro.com | nu.com | sec.gov | mercadoeconsumo.com.br | 247wallst.com,2026-10-06,"Sehr hohe Eigenkapitalrendite (ROE von rund 30 %) und hohes organisches Wachstum bei der Skalierung in Kernmärkten sowie der internationalen Expansion (Mexiko, Kolumbien). Reinvestitionen in Produktinnovationen und KI-Infrastruktur erfolgen diszipliniert, ergänzt durch ein beschlossenes Aktienrückkaufprogramm zur Kapitaldisziplin.",,,,,
NU,Management & Governance,4,Bewertbar,poder360.com.br | nubank.com.br | businesswire.com | seudinheiro.com | nu.com | sec.gov | mercadoeconsumo.com.br | 247wallst.com,2026-10-06,"Starke strategische und operative Führung durch Gründer David Vélez. Das Unternehmen verfügt über eine moderne Risikokultur mit proprietären KI-Kreditprüfungsmodellen (NuFormer), hohe Transparenz gegenüber Investoren und ein international erfahrenes Board of Directors.",,,,,
NU,Bilanzierungs-/Ergebnisqualität,4,Bewertbar,poder360.com.br | nubank.com.br | businesswire.com | seudinheiro.com | nu.com | sec.gov | mercadoeconsumo.com.br | 247wallst.com,2026-10-06,Transparente Berichterstattung nach IFRS mit klar nachvollziehbaren Überleitungen zwischen GAAP/IFRS-Ergebnis und bereinigtem Ergebnis. Die Bereinigungen sind moderat und betreffen im Wesentlichen wiederkehrende aktienbasierte Vergütungen.,,0.58,0.64,9.4,Wesentliche Bereinigungen betreffen vor allem Aufwendungen für aktienbasierte Vergütungen (Share-Based Compensation) sowie damit verbundene Ertragsteuereffekte und Absicherungsinstrumente.
NU,Strukturelle Geschäftsrisiken,2,Bewertbar,poder360.com.br | nubank.com.br | businesswire.com | seudinheiro.com | nu.com | sec.gov | mercadoeconsumo.com.br | 247wallst.com,2026-10-06,"Erhöhte strukturelle Risiken durch geografische Konzentration auf lateinamerikanische Schwellenländer (insbesondere Brasilien), anhaltende Währungs- und Zinsvolatilität (BRL, MXN, COP) sowie Kreditausfallrisiken im unbesicherten Verbraucherkredit- und Kreditkartengeschäft.",,,,,
