Name,Ticker,Sektor,Branche,Land,Liste,Aktiv
ASML,ASML.AS,Technology,Semiconductor Equipment,Netherlands,Benchmark,1.0
AT&T,T,Communication Services,Telecom Services,USA,Benchmark,1.0
Abbott Laboratories,ABT,Healthcare,Medical Devices,USA,Benchmark,1.0
Adobe,ADBE,Technology,Software,USA,Benchmark,1.0
Air Liquide,AI.PA,Basic Materials,Specialty Chemicals,France,Benchmark,1.0
Airbnb,ABNB,Consumer Cyclical,Travel Services,USA,Benchmark,1.0
Airbus SE,AIR.DE,Industrials,Aerospace & Defense,Netherlands,DAX,
Allianz,ALV.DE,Financial Services,Insurance - Diversified,Germany,Benchmark;DAX,1.0
Alphabet,GOOGL,Communication Services,Internet Content & Information,USA,Benchmark,1.0
Amazon,AMZN,Consumer Cyclical,Internet Retail,USA,Benchmark,1.0
American Tower,AMT,Real Estate,REIT - Specialty,USA,Benchmark,1.0
Amgen,AMGN,Healthcare,Drug Manufacturers - General,USA,Benchmark,1.0
Apple,AAPL,Technology,Consumer Electronics,USA,Benchmark;Watchlist,1.0
Ares Management,ARES,Financial Services,Asset Management,USA,Benchmark,1.0
BASF SE,BAS.DE,Basic Materials,Chemicals,Germany,DAX,
BHP,BHP,Basic Materials,Industrial Metals & Mining,Australia,Benchmark,1.0
Barrick Mining,B,Basic Materials,Gold,Canada,Benchmark,1.0
Bayer Aktiengesellschaft,BAYN.DE,Healthcare,Drug Manufacturers - General,Germany,DAX,
Bayerische Motoren Werke Aktiengesellschaft,BMW.DE,Consumer Cyclical,Auto Manufacturers,Germany,DAX,
Befesa,BFSA.F,Industrials,Waste Management,Luxembourg,Benchmark,1.0
Beiersdorf Aktiengesellschaft,BEI.DE,Consumer Defensive,Household & Personal Products,Germany,DAX,
Berkshire Hathaway,BRK-B,Financial Services,Insurance - Diversified,USA,Benchmark,1.0
BlackRock,BLK,Financial Services,Asset Management,USA,Benchmark,1.0
Blackstone,BX,Financial Services,Asset Management,USA,Benchmark,1.0
Booking Holdings,BKNG,Consumer Cyclical,Travel Services,USA,Benchmark,1.0
Brenntag SE,BNR.DE,Basic Materials,Specialty Chemicals,Germany,DAX,
Broadcom,AVGO,Technology,Semiconductors,USA,Benchmark,1.0
Brookfield Corporation,BN,Financial Services,Asset Management,Canada,Benchmark,1.0
CME Group,CME,Financial Services,Financial Exchanges & Data,USA,Benchmark,1.0
Cadence Design Systems,CDNS,Technology,Software,USA,Benchmark,1.0
Canadian National Railway,CNI,Industrials,Railroads,Canada,Benchmark,1.0
Chevron,CVX,Energy,Oil & Gas Integrated,USA,Benchmark,1.0
Coca-Cola,KO,Consumer Defensive,Beverages - Non-Alcoholic,USA,Benchmark,1.0
Commerzbank,CBK.DE,Financial Services,Banks - Regional,Germany,Benchmark;DAX,1.0
Continental Aktiengesellschaft,CON.DE,Consumer Cyclical,Auto Parts,Germany,DAX,
Costco,COST,Consumer Defensive,Discount Stores,USA,Benchmark,1.0
Daimler Truck Holding AG,DTG.DE,Industrials,Farm & Heavy Construction Machinery,Germany,DAX,
Danaher,DHR,Healthcare,Diagnostics & Research,USA,Benchmark,1.0
Deutsche Bank,DBK.DE,Financial Services,Banks - Regional,Germany,Benchmark;DAX,1.0
Deutsche Boerse,DB1.DE,Financial Services,Financial Exchanges & Data,Germany,Benchmark;DAX,1.0
Deutsche Post AG,DHL.DE,Industrials,Integrated Freight & Logistics,Germany,DAX,
Deutsche Telekom,DTE.DE,Communication Services,Telecom Services,Germany,Benchmark;Watchlist;DAX,1.0
E.ON,EOAN.DE,Utilities,Utilities - Diversified,Germany,Benchmark;DAX,1.0
Eli Lilly,LLY,Healthcare,Drug Manufacturers - General,USA,Benchmark,1.0
Exxon Mobil,XOM,Energy,Oil & Gas Integrated,USA,Benchmark,1.0
FedEx,FDX,Industrials,Integrated Freight & Logistics,USA,Benchmark,1.0
Fresenius Medical Care AG,FME.DE,Healthcare,Medical Care Facilities,Germany,DAX,
Fresenius SE & Co. KGaA,FRE.DE,Healthcare,Medical Care Facilities,Germany,DAX,
GEA Group Aktiengesellschaft,G1A.DE,Industrials,Specialty Industrial Machinery,Germany,DAX,
Goldman Sachs,GS,Financial Services,Capital Markets,USA,Benchmark,1.0
HOCHTIEF Aktiengesellschaft,HOT.DE,Industrials,Engineering & Construction,Germany,DAX,
Hannover Rück SE,HNR1.DE,Financial Services,Insurance - Reinsurance,Germany,DAX,
Heidelberg Materials AG,HEI.DE,Basic Materials,Building Materials,Germany,DAX,
Henkel AG & Co. KGaA,HEN3.DE,Consumer Defensive,Household & Personal Products,Germany,DAX,
Hermes,RMS.PA,Consumer Cyclical,Luxury Goods,France,Benchmark,1.0
Iberdrola,IBE.MC,Utilities,Utilities - Diversified,Spain,Benchmark,1.0
Infineon Technologies AG,IFX.DE,Technology,Semiconductors,Germany,DAX,
Intuitive Surgical,ISRG,Healthcare,Medical Instruments & Supplies,USA,Benchmark,1.0
JPMorgan Chase,JPM,Financial Services,Banks - Diversified,USA,Benchmark,1.0
KKR,KKR,Financial Services,Asset Management,USA,Benchmark,1.0
KLA Corporation,KLAC,Technology,Semiconductor Equipment,USA,Benchmark,1.0
L'Oreal,OR.PA,Consumer Defensive,Household & Personal Products,France,Benchmark,1.0
LVMH,MC.PA,Consumer Cyclical,Luxury Goods,France,Benchmark,1.0
Lam Research,LRCX,Technology,Semiconductor Equipment,USA,Benchmark,1.0
MTU Aero Engines AG,MTX.DE,Industrials,Aerospace & Defense,Germany,DAX,
Mastercard,MA,Financial Services,Credit Services,USA,Benchmark,1.0
McDonald's,MCD,Consumer Cyclical,Restaurants,USA,Benchmark,1.0
Medtronic,MDT,Healthcare,Medical Devices,Ireland,Benchmark,1.0
Mercedes-Benz Group AG,MBG.DE,Consumer Cyclical,Auto Manufacturers,Germany,DAX,
Merck & Co,MRK,Healthcare,Drug Manufacturers - General,USA,Benchmark,1.0
Merck KGaA,MRK.DE,Healthcare,Drug Manufacturers - Specialty & Generic,Germany,DAX,
Meta Platforms,META,Communication Services,Internet Content & Information,USA,Benchmark,1.0
Microsoft,MSFT,Technology,Software Infrastructure,USA,Benchmark;Watchlist,1.0
Moody's,MCO,Financial Services,Financial Data & Stock Exchanges,USA,Benchmark,1.0
Muenchener Rueck,MUV2.DE,Financial Services,Insurance - Reinsurance,Germany,Benchmark;DAX,1.0
NVIDIA,NVDA,Technology,Semiconductors,USA,Benchmark,1.0
Nemetschek,NEM.DE,Technology,Software,Germany,Benchmark,1.0
Nestle,NESN.SW,Consumer Defensive,Packaged Foods,Switzerland,Benchmark,1.0
NextEra Energy,NEE,Utilities,Utilities - Regulated Electric,USA,Benchmark,1.0
Novartis,NOVN.SW,Healthcare,Drug Manufacturers - General,Switzerland,Benchmark,1.0
Novo Nordisk,NOVO-B.CO,Healthcare,Drug Manufacturers - General,Denmark,Benchmark,1.0
Oracle,ORCL,Technology,Software Infrastructure,USA,Benchmark,1.0
Orange,ORA.PA,Communication Services,Telecom Services,France,Benchmark,1.0
PepsiCo,PEP,Consumer Defensive,Beverages - Non-Alcoholic,USA,Benchmark,1.0
Procter & Gamble,PG,Consumer Defensive,Household & Personal Products,USA,Benchmark,1.0
Prologis,PLD,Real Estate,REIT - Industrial,USA,Benchmark,1.0
Qiagen N.V.,QIA.DE,Healthcare,Diagnostics & Research,Netherlands,DAX,
RWE,RWE.DE,Utilities,Utilities - Renewable,Germany,Benchmark;DAX,1.0
Realty Income,O,Real Estate,REIT - Retail,USA,Benchmark,1.0
Republic Services,RSG,Industrials,Waste Management,USA,Benchmark,1.0
Rheinmetall AG,RHM.DE,Industrials,Aerospace & Defense,Germany,DAX,
Rio Tinto,RIO,Basic Materials,Industrial Metals & Mining,United Kingdom,Benchmark,1.0
Roche,RO.SW,Healthcare,Drug Manufacturers - General,Switzerland,Benchmark,1.0
Rollins,ROL,Industrials,Specialty Business Services,USA,Benchmark,1.0
S&P Global,SPGI,Financial Services,Financial Data & Stock Exchanges,USA,Benchmark,1.0
SAP,SAP.DE,Technology,Software,Germany,Benchmark;DAX,1.0
Salesforce,CRM,Technology,Software,USA,Benchmark,1.0
Schneider Electric,SU.PA,Industrials,Electrical Equipment,France,Benchmark,1.0
Scout24 SE,G24.DE,Communication Services,Internet Content & Information,Germany,DAX,
ServiceNow,NOW,Technology,Software,USA,Benchmark,1.0
Shell,SHEL,Energy,Oil & Gas Integrated,United Kingdom,Benchmark,1.0
Sherwin-Williams,SHW,Basic Materials,Specialty Chemicals,USA,Benchmark,1.0
Siemens,SIE.DE,Industrials,Specialty Industrial Machinery,Germany,Benchmark;DAX,1.0
Siemens Energy AG,ENR.DE,Industrials,Specialty Industrial Machinery,Germany,DAX,
Siemens Healthineers,SHL.DE,Healthcare,Medical Devices,Germany,Benchmark;DAX,1.0
Simon Property Group,SPG,Real Estate,REIT - Retail,USA,Benchmark,1.0
Stryker,SYK,Healthcare,Medical Devices,USA,Benchmark,1.0
Symrise AG,SY1.DE,Basic Materials,Specialty Chemicals,Germany,DAX,
Synopsys,SNPS,Technology,Software,USA,Benchmark,1.0
Taiwan Semiconductor,TSM,Technology,Semiconductors,Taiwan,Benchmark,1.0
Thermo Fisher Scientific,TMO,Healthcare,Diagnostics & Research,USA,Benchmark,1.0
TotalEnergies,TTE.PA,Energy,Oil & Gas Integrated,France,Benchmark,1.0
Union Pacific,UNP,Industrials,Railroads,USA,Benchmark,1.0
Vallourec,VACD.F,Basic Materials,Steel,France,Benchmark,1.0
Verizon,VZ,Communication Services,Telecom Services,USA,Benchmark,1.0
Vinci,DG.PA,Industrials,Engineering & Construction,France,Benchmark,1.0
Visa,V,Financial Services,Credit Services,USA,Benchmark,1.0
Volkswagen AG,VOW3.DE,Consumer Cyclical,Auto Manufacturers,Germany,DAX,
Vonovia SE,VNA.DE,Real Estate,Real Estate Services,Germany,DAX,
Waste Management,WM,Industrials,Waste Management,USA,Benchmark,1.0
Zalando SE,ZAL.DE,Consumer Cyclical,Internet Retail,Germany,DAX,
adidas AG,ADS.DE,Consumer Cyclical,Footwear & Accessories,Germany,DAX,
Legal & General Group,LGEN.L,Financial Services,Asset Management,United Kingdom,Benchmark,1.0
SK hynix Inc.,SKHY,Technology,Semiconductors,South Korea,Watchlist,1.0
"Advanced Micro Devices, Inc.",AMD,Technology,Semiconductors,United States,Watchlist,1.0
Lottomatica Group S.p.A.,LTMC.MI,Consumer Cyclical,Gambling,Italy,Watchlist,1.0
Vertiv Holdings Co,VRT,Industrials,Electrical Equipment & Parts,United States,Watchlist,1.0
"Arista Networks, Inc.",ANET,Technology,Computer Hardware,United States,Watchlist,1.0
GE Vernova Inc.,GEV,Industrials,Specialty Industrial Machinery,United States,Watchlist,1.0
"Quanta Services, Inc.",PWR,Industrials,Engineering & Construction,United States,Watchlist,1.0
Eaton Corporation plc,ETN,Industrials,Specialty Industrial Machinery,Ireland,Watchlist,1.0
"Marvell Technology, Inc.",MRVL,Technology,Semiconductors,United States,Watchlist,1.0
"Micron Technology, Inc.",MU,Technology,Semiconductors,United States,Watchlist,1.0
"CoreWeave, Inc.",CRWV,Technology,Software - Infrastructure,United States,Watchlist,1.0
Nebius Group N.V.,NBIS,Communication Services,Internet Content & Information,Netherlands,Watchlist,1.0
"Applied Materials, Inc.",AMAT,Technology,Semiconductor Equipment & Materials,United States,Watchlist,1.0
Constellation Energy Corporation,CEG,Utilities,Utilities - Independent Power Producers,United States,Watchlist,1.0
"Comfort Systems USA, Inc.",FIX,Industrials,Engineering & Construction,United States,Watchlist,1.0
RTX Corporation,RTX,Industrials,Aerospace & Defense,United States,Watchlist,1.0
The Boeing Company,BA,Industrials,Aerospace & Defense,United States,Watchlist,1.0
Caterpillar Inc.,CAT,Industrials,Farm & Heavy Construction Machinery,United States,Watchlist,1.0
"MercadoLibre, Inc.",MELI,Consumer Cyclical,Internet Retail,Uruguay,Watchlist,1.0
"Uber Technologies, Inc.",UBER,Technology,Software - Application,United States,Watchlist,1.0
SCOR SE,SCR.PA,Financial Services,Insurance - Reinsurance,France,Watchlist,1.0
Newmont Corporation,NEM,Basic Materials,Gold,United States,Watchlist;Minenaktien,1.0
EnerSys,ENS,Industrials,Electrical Equipment & Parts,United States,Watchlist,1.0
Hafnia Limited,HAFN,Industrials,Marine Shipping,Singapore,Watchlist,1.0
init innovation in traffic systems SE,IXX.DE,Technology,Information Technology Services,Germany,Watchlist,1.0
Primary Health Properties Plc,PHP.L,Real Estate,REIT - Healthcare Facilities,United Kingdom,Watchlist,1.0
"Palo Alto Networks, Inc.",PANW,Technology,Software - Infrastructure,United States,Watchlist,1.0
"CrowdStrike Holdings, Inc.",CRWD,Technology,Software - Infrastructure,United States,Watchlist,1.0
"Zscaler, Inc.",ZS,Technology,Software - Infrastructure,United States,Watchlist,1.0
"Nasdaq, Inc.",NDAQ,Financial Services,Financial Data & Stock Exchanges,United States,Watchlist,1.0
"First Solar, Inc.",FSLR,Technology,Solar,United States,Watchlist,1.0
"EOG Resources, Inc.",EOG,Energy,Oil & Gas E&P,United States,Watchlist,1.0
TransDigm Group Incorporated,TDG,Industrials,Aerospace & Defense,United States,Watchlist,1.0
Ciena Corporation,CIEN,Technology,Communication Equipment,United States,Watchlist,1.0
Vistra Corp.,VST,Utilities,Utilities - Independent Power Producers,United States,Thiel 2027,1.0
"American Electric Power Company, Inc.",AEP,Utilities,Utilities - Regulated Electric,United States,Thiel 2027,1.0
DTE Energy Company,DTE,Utilities,Utilities - Regulated Electric,United States,Thiel 2027,1.0
CMS Energy Corporation,CMS,Utilities,Utilities - Regulated Electric,United States,Thiel 2027,1.0
FirstEnergy Corp.,FE,Utilities,Utilities - Regulated Electric,United States,Thiel 2027,1.0
"Vista Energy, S.A.B. de C.V.",VIST,Energy,Oil & Gas E&P,Mexico,Thiel 2027,1.0
AngloGold Ashanti plc,AU,Basic Materials,Gold,United States,Watchlist;Minenaktien,1.0
Gold Fields Limited,GFI,Basic Materials,Gold,South Africa,Watchlist;Minenaktien,1.0
Sibanye Stillwater Limited,SBSW,Basic Materials,Other Precious Metals & Mining,South Africa,Watchlist;Minenaktien,1.0
Petróleo Brasileiro S.A. - Petrobras,PBR,Energy,Oil & Gas Integrated,Brazil,Watchlist,1.0
Comcast Corporation,CMCSA,Communication Services,Telecom Services,United States,Watchlist,1.0
BHP Group Limited,BHG.JO,Basic Materials,Other Industrial Metals & Mining,Australia,Watchlist,1.0
Glencore plc,GLEN.L,Basic Materials,Other Industrial Metals & Mining,Switzerland,Watchlist,1.0
Anglo American plc,AAL.L,Basic Materials,Other Industrial Metals & Mining,United Kingdom,Watchlist,1.0
Zijin Gold International Company Limited,2259.HK,Basic Materials,Gold,Hong Kong,Watchlist,1.0
Southern Copper Corporation,SCCO,Basic Materials,Copper,United States,Watchlist,1.0
Vale S.A.,VALE3.SA,Basic Materials,Other Industrial Metals & Mining,Brazil,Watchlist,1.0
Cameco Corporation,CCJ,Energy,Uranium,Canada,Watchlist,1.0
China Shenhua Energy Company Limited,1088.HK,Energy,Thermal Coal,China,Watchlist,1.0
Agnico Eagle Mines Limited,AEM.TO,Basic Materials,Gold,Canada,Watchlist,1.0
Wheaton Precious Metals Corp.,WPM,Basic Materials,Gold,Canada,Watchlist,1.0
Deutsche Lufthansa AG,LHA.DE,Industrials,Airlines,Germany,Watchlist,1.0
Bilfinger SE,GBF.DE,Industrials,Engineering & Construction,Germany,Watchlist,1.0
Gesco SE,GSC1.DE,Industrials,Specialty Industrial Machinery,Germany,Watchlist,1.0
