Ticker,Name
AC.PA,Accor
AI.PA,Air Liquide
AIR.PA,Airbus
MT.AS,ArcelorMittal
CS.PA,AXA
BNP.PA,BNP Paribas
EN.PA,Bouygues
BVI.PA,Bureau Veritas
CAP.PA,Capgemini
CA.PA,Carrefour
ACA.PA,Crédit Agricole
BN.PA,Danone
DSY.PA,Dassault Systèmes
FGR.PA,Eiffage
ENGI.PA,Engie
EL.PA,EssilorLuxottica
ERF.PA,Eurofins Scientific
ENX.PA,Euronext
RMS.PA,Hermès
KER.PA,Kering
OR.PA,L'Oréal
LR.PA,Legrand
MC.PA,LVMH
ML.PA,Michelin
ORA.PA,Orange
RI.PA,Pernod Ricard
PUB.PA,Publicis Groupe
RNO.PA,Renault
SAF.PA,Safran
SGO.PA,Saint-Gobain
SAN.PA,Sanofi
SU.PA,Schneider Electric
GLE.PA,Société Générale
STLAP.PA,Stellantis
STMPA.PA,STMicroelectronics
HO.PA,Thales
TTE.PA,TotalEnergies
URW.PA,Unibail-Rodamco-Westfield
VIE.PA,Veolia
DG.PA,Vinci
