Ticker,Name,WKN,ISIN
AIXA.DE,Aixtron,A0WMPJ,DE000A0WMPJ6
AT1.DE,Aroundtown,A2DW8Z,LU1673108939
AMV0.DE,Aumovio,AUM0V1,DE000AUM0V10
NDA.DE,Aurubis,676650,DE0006766504
AG1.DE,Auto1,A2LQ88,DE000A2LQ884
BC8.DE,Bechtle,515870,DE0005158703
GBF.DE,Bilfinger,590900,DE0005909006
EVD.DE,CTS Eventim,547030,DE0005470306
DHER.DE,Delivery Hero,A2E4K4,DE000A2E4K43
LHA.DE,Deutsche Lufthansa,823212,DE0008232125
DEZ.DE,Deutz,630500,DE0006305006
DWS.DE,DWS Group,DWS100,DE000DWS1007
ELG.DE,Elmos Semiconductor,567710,DE0005677108
EVK.DE,Evonik,EVNK01,DE000EVNK013
FTK.DE,flatexDEGIRO,FTG111,DE000FTG1111
FRA.DE,Fraport,577330,DE0005773303
FNTN.DE,Freenet,A0Z2ZZ,DE000A0Z2ZZ5
FPE3.DE,Fuchs (Vorzugsaktien),A3E5D6,DE000A3E5D64
HLE.DE,Hella,A13SX2,DE000A13SX22
HAG.DE,Hensoldt,HAG000,DE000HAG0005
IOS.DE,IONOS,A3E00M,DE000A3E00M1
JEN.DE,Jenoptik,A2NB60,DE000A2NB601
SDF.DE,K+S,KSAG88,DE000KSAG888
KGX.DE,Kion Group,KGX888,DE000KGX8881
KBX.DE,Knorr-Bremse,KBX100,DE000KBX1006
KRN.DE,Krones,633500,DE0006335003
LXS.DE,Lanxess,547040,DE0005470405
LEG.DE,LEG Immobilien,LEG111,DE000LEG1110
NEM.DE,Nemetschek,645290,DE0006452907
NDX1.DE,Nordex,A0D655,DE000A0D6554
P911.DE,Porsche AG Vz.,PAG911,DE000PAG9113
PAH3.DE,Porsche Automobil Holding,PAH003,DE000PAH0038
PUM.DE,Puma,696960,DE0006969603
RAA.DE,Rational,701080,DE0007010803
R3NK.DE,RENK Group,RENK73,DE000RENK730
RRTL.DE,RTL,861149,LU0061462528
SZG.DE,Salzgitter,620200,DE0006202005
SRT3.DE,Sartorius Vz.,716563,DE0007165631
SHA0.DE,Schaeffler,SHA010,DE000SHA0100
WAF.DE,Siltronic,WAF300,DE000WAF3001
SAX.DE,Ströer,749399,DE0007493991
SMHN.DE,SUSS MicroTec,A1K023,DE000A1K0235
TEG.DE,TAG Immobilien,830350,DE0008303504
TLX.DE,Talanx,TLX100,DE000TLX1005
TKA.DE,Thyssenkrupp,750000,DE0007500001
TKMS.DE,TKMS,TKMS00,DE000TKMS001
8TRA.DE,TRATON,TRAT0N,DE000TRAT0N7
TUI1.DE,TUI,TUAG50,DE000TUAG505
UTDI.DE,United Internet,508903,DE0005089031
WCH.DE,Wacker Chemie,WCH888,DE000WCH8881
