Ticker,Name,Marktkapitalisierung,Währung,1M,3M,6M,1J,3J,5J,Max,Historie seit
AAK.ST,AAK AB,47669361906.5,SEK,-11.523623240033999,-21.244635193133043,-21.482457164955214,-22.94591803579835,-1.5505523419067635,9.607675290528528,1222.0582707238323,2005-09-29
ABB.ST,ABB Ltd,1789366542834.5354,SEK,8.013103101971897,-5.681599197896803,28.79458587504129,43.277369972467625,152.22169571215508,261.71152787543093,643.1317299098931,2001-05-08
ADDT-B.ST,Addtech AB ser. B,92529075956.03156,SEK,3.69249770956519,0.3007597661823569,7.996955468434863,13.969139863880464,102.16941502276593,131.72709734090034,1646.184625889808,2000-01-03
AKER.OL,Aker ASA,103361441962.0,NOK,-12.919254658385093,14.542483660130712,35.28482742243715,90.99510346954467,161.27538792290073,130.81510087372718,2255.9789765322557,2000-01-03
AKRBP.OL,Aker BP ASA,215710053642.0,NOK,-2.8960851372814456,14.56102317470842,4.418013596654569,45.310537710227486,62.54222862722369,70.09962904635564,2792.471329598153,2009-01-09
ALFA.ST,Alfa Laval AB,232950701043.0255,SEK,1.4033803462180305,-4.2798934662838235,11.567514405785694,28.305129268082396,63.52812596488049,90.29005769789352,3875.950486961546,2002-05-17
ALIV-SDB.ST,Autoliv Inc. SDB,82391869125.0,SEK,-5.778894472361806,-1.3289119778092884,13.812357063053348,-4.683400163204854,11.322014145723136,51.41588889267683,433.61179654950143,2000-01-03
ALK-B.CO,ALK-Abello B,45085830817.27875,DKK,-2.7777791987484313,-16.803278688524593,-1.3605456803873928,-3.243963133265182,145.40163654485966,53.10049079404418,2474.4834198656827,2000-03-10
ALSYDB.CO,AL Sydbank A/S,60978985069.5,DKK,4.509090909090907,19.1542288557214,34.04850746268657,48.339156835221544,173.3918387040025,396.48573841310315,5320.018032630385,2000-01-03
ASSA-B.ST,ASSA ABLOY AB ser. B,391881877075.9186,SEK,0.1987455040295849,2.916302180809849,3.174528964737311,8.176311315950269,56.17695935360896,54.22212385739522,1324.566298213437,2000-01-03
ATCO-A.ST,Atlas Copco AB ser. A,1018656027070.769,SEK,3.518330395121727,5.825734729267795,27.395409772483713,25.808387630179407,50.70378674021727,67.56434130472817,4982.847995715555,2000-01-03
ATCO-B.ST,Atlas Copco AB ser. B,879859281678.538,SEK,2.5291259024864843,4.5797066066576075,24.293781628161383,23.494924752635548,50.13070585734434,72.17940967570509,6002.763022882889,1999-12-01
AXFO.ST,Axfood AB,54078924214.5,SEK,4.784460864617746,-2.802837058142449,-21.717197148991296,-8.406450571199887,8.615069159474075,41.5645008437767,4185.241092674265,2000-02-21
AZA.ST,Avanza AB,61792661500.04993,SEK,-1.7106887529481085,0.1794903094952005,10.98666231127654,16.07196494501828,137.268833559236,55.14030503816536,964.9583467034117,2000-01-03
AZN.ST,AstraZeneca PLC,2418637504649.0,SEK,0.2571520411443373,-16.247849886513865,-17.02724897078235,-1.6614847260529975,6.720744512668264,49.322466680864,442.00685218171196,2000-01-03
BALD-B.ST,Fastighets AB Balder ser. B,53082540714.263916,SEK,-15.580794036460887,-16.666666666666664,-20.13032855038276,-31.433324928002925,-3.7154990587983328,-49.32961064344011,-83.21457725894832,2000-01-03
BEIJ-B.ST,Beijer Ref AB ser. B,75137846313.14957,SEK,6.695466854151677,3.419395528354996,14.278219231626355,0.8500535274651444,32.71282753727958,-4.898385264139959,1051.408743948395,2000-01-03
BOL.ST,Boliden AB,149250657838.52295,SEK,-4.200146279296268,-0.5686126116037582,6.6918919126923715,35.15919135765777,86.09832391154714,124.24196609190021,3237.9425027189513,2001-12-05
CARL-B.CO,Carlsberg A/S B,112795651178.45728,DKK,-2.5365644306892143,-6.95898654477033,4.024390243902443,18.461979232888325,1.3586306746896426,-6.193746997982863,499.8450121799138,2000-01-03
CAST.ST,Castellum AB,51959630883.861694,SEK,-9.17983258730979,-9.282229102025163,6.956135206259018,13.898917994152704,13.967389417257747,-28.22415325643798,2227.6738070689944,2000-01-03
COLO-B.CO,Coloplast B,92491082459.66205,DKK,-9.742691251650214,3.9250443756813524,-6.141786480593458,-24.852202109773113,-37.97117483391084,-52.09078263957527,2131.605319275711,2000-01-03
DANSKE.CO,Danske Bank,294075993710.0,DKK,-2.5641042361154165,0.6622499825896577,16.543664903008203,48.340275725470306,195.8355944530359,367.279293774478,635.4308709364768,2000-11-08
DEMANT.CO,Demant A/S,67065757662.0,DKK,8.97875712922238,12.845994952145446,62.57668204351064,38.98601213220434,10.917330470975518,3.785902850714362,562.5,2000-05-08
DNB.OL,DNB BANK ASA,438862782119.70264,NOK,-3.591505172262288,3.7298406840941656,7.736094824547113,21.512575081342877,80.9606774100725,122.4641097158742,2659.4859116747425,2000-01-03
DSV.CO,DSV A/S,278289841756.5,DKK,-11.804767309875142,-29.810298102981026,-26.046954314720814,-12.604313427983094,-8.538068186335735,-20.909328801169192,7565.898526630399,2000-01-21
ELISA.HE,Elisa Corporation,5825642772.826202,EUR,2.3124639480977427,4.6146413665111075,-11.02207003658069,-13.452504313231373,-5.024049110436568,-17.207290464606594,244.89371960266766,2000-01-03
EPI-A.ST,Epiroc AB ser. A,321359941772.0847,SEK,1.1056136290602758,-0.7485029598166215,14.984039319178555,29.586375443277802,35.078300057955715,56.38157354874096,237.43896105408976,2018-06-18
EPI-B.ST,Epiroc AB ser. B,271268434897.95764,SEK,0.9000900213629981,-0.8841733098951532,11.579142013238531,21.528759914056607,35.69761643949225,56.230868108465245,206.80215667316156,2018-06-18
EQNR.OL,Equinor ASA,957417481808.0,NOK,2.6422748311007993,28.182636460674935,3.258600696088143,71.2785001963038,52.61355429065495,138.32830120132064,1820.2625474994754,2000-01-03
EQT.ST,EQT AB,351474733006.3072,SEK,-11.619159725741302,0.9299020195847385,-0.75367971998056,-15.838449592563531,39.086147518286474,-18.286964687510576,238.33947610074267,2019-09-24
ERIC-B.ST,"Ericsson, Telefonab. L M ser. ",302529886418.7905,SEK,-2.980131128037844,-11.53829713002642,-12.64612548062507,21.644547964355066,98.36805157804847,12.326908278609693,-65.04613095272349,2000-01-03
ESSITY-B.ST,ESSITY AKTIEBOLAG SER. B,173340675934.81448,SEK,-5.620873484351618,-7.689541802065813,4.9428066559984,7.302541681537766,20.753205398313423,12.818219727182267,32.70380427286091,2017-06-15
EVO.ST,Evolution AB,147695798026.06146,SEK,-4.3971645634788725,22.138322694579514,33.81865571184621,7.125826197744201,-25.84390092343556,-39.71565034494072,4523.1185293297085,2015-03-20
FLS.CO,FLSmidth & Co.,29461817580.0,DKK,-3.397212543554007,12.565975056743417,9.910802775024784,19.06321343478796,94.37672347568449,166.76554345541638,406.45652874536387,2000-01-03
FORTUM.HE,Fortum Corporation,21319003893.76754,EUR,13.250718528610506,15.283840491242673,4.9933765356664495,50.730691713987255,183.35644010054915,25.207132648117735,3783.406386694972,2000-01-03
FRO.OL,Frontline plc,112023840462.36456,NOK,16.383080017321028,39.60196038771902,49.9846639383152,123.55975987286718,162.1611364430967,555.522333232752,266.21935504504876,2000-01-03
GETI-B.ST,Getinge AB ser. B,67928969843.788055,SEK,3.1430896397051544,19.903843219463635,33.64215950687892,20.929386353214284,36.07040735429046,-22.037482846238866,2795.413504681889,2000-01-03
GJF.OL,Gjensidige Forsikring ASA,126890897465.96944,NOK,-10.063787358888654,-6.622511239743545,-0.23584546349112445,-6.6748304266420195,91.37322090205586,70.88431744077444,1019.4952893283639,2010-12-10
GMAB.CO,Genmab A/S,148525934900.0,DKK,9.930715935334877,27.374899652127382,35.342621552459484,13.33333333333333,-2.8967768257853965,-13.986266714853635,852.0,2000-10-20
HEXA-B.ST,Hexagon AB ser. B,273672317489.5288,SEK,5.8450968347755206,23.187523340590598,14.759351106097252,-12.029373947790456,9.773187434481523,-23.53080469999661,8163.124164176366,2000-01-03
HM-B.ST,"Hennes & Mauritz AB, H & M ser",253903130998.8938,SEK,-9.373217634326036,-4.589078606197927,-6.667479097224294,-7.186399627801787,21.436531054883567,16.263828462042795,167.98365617367273,2000-01-03
HUH1V.HE,Huhtamaki Oyj,2792632162.0490456,EUR,-14.38102157372716,1.2848875198696152,-2.548717916108556,-4.891297898711111,-5.299079355710612,-20.551942258958288,644.0618994263036,2000-01-03
INDT.ST,Indutrade AB,95379756952.69775,SEK,4.887813057341628,22.45088122360357,23.841057403797095,13.964926805303989,34.98687095138495,14.487618361526744,4877.658764682267,2005-10-05
INDU-A.ST,"Industrivarden, AB ser. A",225667283930.0,SEK,-3.512014787430684,-4.918032786885251,13.356776669025482,39.04148501273248,96.63801554995982,111.97102652597141,1249.2916471594694,2000-01-03
INDU-C.ST,"Industrivarden, AB ser. C",223291838836.0,SEK,-3.546099371570266,-3.9405227150615674,13.302097565508909,37.634040682844216,95.37352050824683,117.69557794380061,1363.5935627646008,2000-01-03
INVE-A.ST,Investor AB ser. A,1216221450097.0,SEK,-1.8555170147195543,-0.6760094468486355,13.771975651397916,32.93142209209006,101.5947757767714,128.74041200867867,2792.4763024153845,2000-01-03
INVE-B.ST,Investor AB ser. B,1237513021695.5576,SEK,-1.0415390582382056,-0.49285363729985043,15.087479481775222,35.15075063787365,103.56883841132922,134.27754282734153,2893.499133195607,2000-01-03
ISS.CO,ISS,44650719100.74832,DKK,3.4212423003205927,0.6241395106245884,23.037535718058734,47.7686971392298,187.97407490350543,129.5321579552844,101.00856507715798,2014-03-13
JYSK.CO,Jyske Bank A/S,60502288616.0,DKK,-2.619692863595302,11.134020618556706,18.59185918591859,56.69894698589262,135.2498997534611,311.893401828502,599.8652630886542,2004-10-04
KCR.HE,Konecranes Plc,7423961236.287878,EUR,5.327039554398083,12.698414664346203,7.427784914302138,41.33979932885252,250.42258758367964,242.39505960436153,2636.237813483175,2000-01-03
KESKOB.HE,Kesko Corporation B,9018469157.191162,EUR,0.0,17.354945053206716,18.878246713413894,31.065150859501255,61.176877388441085,-1.9191728141326414,3233.7027733099567,2000-01-03
KIT.OL,Kitron ASA,23313683074.886513,NOK,10.58090952986548,0.6609980530275283,9.539046624520209,80.62877277497577,217.35847650941622,560.3081984094456,1020.81908347048,2000-01-03
KMAR.OL,Kongsberg Maritime ASA,,NOK,9.750089660827621,11.55634867287436,,,,,-3.467489035107141,2026-04-23
KNEBV.HE,KONE Oyj B,26276980537.81903,EUR,-1.5533965768166014,-0.47113833969303354,-7.818180431019172,-9.858088575457858,43.46264727623166,2.25973634075487,1748.921871259954,2005-06-01
KOG.OL,Kongsberg Gruppen ASA,271887222998.20877,NOK,0.22698191338688112,-5.790917295504561,-25.159949482947987,-5.729082366751181,263.17199091333987,614.6658952185949,11162.321113295984,2000-01-03
LAGR-B.ST,Lagercrantz Group AB ser B,48323731864.10367,SEK,5.300982690665967,-5.205127559558898,18.37521450330133,15.154120653657843,119.65716259803263,148.20162680757073,12944.286817134165,2001-09-04
LATO-B.ST,"Latour, Investmentab. ser. B",129398009897.91107,SEK,-2.9722013545649406,2.4550699923076458,2.9278342003842495,-10.088587017048045,12.989577297831968,-18.903642361047634,4169.845971569941,2000-01-03
LIFCO-B.ST,Lifco AB Ser. B,147620297500.0,SEK,3.437297063455391,-0.9146341463414642,19.239454357677154,-0.21043738705318615,75.32103268789996,44.6769974904051,1390.160678412384,2014-11-21
LUND-B.ST,"Lundbergforetagen AB, L E ser.",140368000000.0,SEK,-3.9864291772688687,0.0,7.415270704124821,14.365411746148782,28.03231380932536,21.353211507411917,3001.900880750125,2000-01-03
MAERSK-A.CO,A.P. Moller - Maersk A,332990424000.0,DKK,6.931608133086886,42.751388032078964,47.38853503184713,87.66063173394048,117.34680951747171,167.08672493754077,1033.419560242762,2000-01-03
MAERSK-B.CO,A.P. Moller - Maersk B,345952854000.0,DKK,6.147722246793452,43.712574850299404,49.9531396438613,94.16595152772167,121.14592751711864,161.08717481494642,892.1421101469099,2000-01-03
MANTA.HE,MANDATUM OYJ,3049463242.865992,EUR,-4.416406988477084,9.584081606925633,-1.9630545383182652,21.911569000006438,154.23904078170145,,130.7798580590508,2023-10-02
METSO.HE,Metso Oyj,14028242454.660301,EUR,-4.4532075443703185,7.007579543300779,13.850147628070154,47.15875896695392,99.05279108340603,155.37669877956063,725.4084812897155,2006-10-10
MOWI.OL,Mowi ASA,106196322816.07361,NOK,-0.19822058930833997,8.49629759811188,-7.959795872058962,-2.6395126336388186,20.12129940085645,7.374454024580457,-93.53478222944085,2000-01-03
MTRS.ST,Munters Group AB,24460552960.0,SEK,-15.723270440251568,-23.755334281650075,-15.808591185475606,18.582733740576373,2.089268170818226,94.23182725450951,114.78663954835201,2017-05-19
MYCR.ST,Mycronic AB,68969416538.06873,SEK,12.771391583969427,15.651610761573465,63.613554682314685,64.5560247071665,217.52008770331872,247.43188794915469,388.0895194607409,2000-03-10
NDA-FI.HE,Nordea Bank Abp,58044393268.03219,EUR,-4.6063694582256565,2.4927914321021483,15.012553212401937,33.411128913407495,114.71527087833681,139.43992059353567,1068.7519097705144,2000-01-25
NESTE.HE,Neste Corporation,24715651797.602432,EUR,0.6257846328807437,13.840707424467634,18.322293915824584,100.47437745835555,17.345626119791046,-22.992217241655545,1081.1826641599116,2005-04-18
NHY.OL,Norsk Hydro ASA,159384069564.22327,NOK,-13.649914762310079,-5.916471757166453,-18.66511627052857,20.279037653551836,44.524590565127696,62.800387966424644,1725.7759216474844,2000-01-03
NIBE-B.ST,NIBE Industrier AB ser. B,91005240037.81067,SEK,2.684259166858305,25.59822235525193,19.055323008990243,22.087567634379667,-33.166016523608086,-57.035987921606775,15170.472746893876,2000-01-03
NKT.CO,NKT A/S,47838153645.0,DKK,-4.385026737967912,-8.91492613346918,3.1736872475476074,36.80183626625861,149.1638880756727,264.12914403102354,2546.9077529184046,2001-04-27
NOD.OL,Nordic Semiconductor ASA,37284388979.5,NOK,12.135629479943088,3.457740481492677,23.44466520447428,16.862986009686722,74.86084848206902,-26.539362620296757,10005.012122479766,2000-01-03
NOKIA.HE,Nokia Corporation,51563516961.151344,EUR,6.377079910106054,-17.16189591760604,26.45679481336982,126.64894217607952,200.60761088992143,112.4293303021346,-58.574358588877516,2000-01-03
NOVO-B.CO,Novo Nordisk B,1089985980559.9623,DKK,-17.49748707291088,-23.60352362516457,5.420041172135837,-31.805813316324283,-57.73950774089889,-11.83205099052962,2118.3380800729415,2001-01-08
NSIS-B.CO,Novonesis (Novozymes) A/S B,198810415992.83954,DKK,-2.382041628743947,0.4468629401668256,10.613447175206137,9.53870002599302,53.362994791088994,5.517035454762098,1716.8493002881814,2000-11-20
ORK.OL,Orkla ASA,87301943183.0,NOK,-2.4128686327077764,-15.740740740740744,-21.91131717602438,-6.885508512981131,40.81048402234446,55.79544444481452,1183.7018668551898,2000-01-03
ORNBV.HE,Orion Corporation B,11355618674.98169,EUR,1.3784441504440137,12.361113230387378,12.831248213689461,27.099179065920275,129.5284889819572,178.733763054648,2048.9697023816875,2004-10-07
ORSTED.CO,Orsted A/S,175965454368.43872,DKK,-2.808173546402859,-15.95711293900055,-15.797788309636651,10.489221961800776,-60.69321533923304,-84.02634258026931,-44.485989162632535,2016-06-09
OUT1V.HE,Outokumpu Oyj,2415810794.5,EUR,-10.636444974947135,-2.935609917598392,8.305159263312767,17.70885787875529,56.689786440468424,25.853499971662796,-67.39259742246313,2000-01-03
PNDORA.CO,Pandora,58583855895.49365,DKK,-7.4887745342806955,3.735100954573678,62.793598476595,0.20671621941796836,7.285197159071344,12.568243452953354,387.5389736849679,2010-05-10
PROT.OL,Protector Forsikring ASA,34736856994.0,NOK,-11.23264505302285,-17.07636860821434,-7.336011242366314,-9.655279922299375,178.25342255571618,539.9691217505265,6755.372969866119,2007-05-25
RBREW.CO,Royal UNIBREW,18781420569.343292,DKK,-5.295804284487304,-14.03204623340516,-22.858461668372108,-14.90572638214378,-18.1107394132467,-41.05894306861856,2721.1900248860757,2000-01-03
RILBA.CO,Ringkjobing Landbobank,43912320200.0,DKK,1.8558951965065518,12.681159420289845,19.309462915601028,29.296942832161665,92.62488892069985,153.3978680212807,9617.345056534283,2001-01-08
ROCK-B.CO,Rockwool A/S ser. B,38736748821.99005,DKK,-8.423113224924194,-13.184770056276173,4.558466614059942,-19.07891561328734,20.753396278934577,-22.444689491944814,1342.0963247391178,2000-01-03
SAAB-B.ST,SAAB AB ser. B,335417027808.11084,SEK,5.891169927122486,10.895979757581697,-2.7846458023510157,10.429870185096956,367.71007375342526,955.9279713834826,6267.509808272212,2000-01-03
SAGA-B.ST,Sagax AB B,77916655845.0,SEK,-10.96664475174407,-4.371582927536311,-10.61917698518624,-18.584254236794827,-18.889699666393778,-39.343102213600204,1723.2945480584235,2013-04-08
SALM.OL,SalMar ASA,76850137854.0,NOK,3.0909090909090997,21.361298198927315,-0.055718685512395894,5.415688129278595,21.236301952222615,20.069826073312203,3083.6757302197057,2007-05-08
SAMPO.HE,Sampo Plc A,23283982423.576782,EUR,-8.677687253157963,-5.373580118085341,-0.6390482868045555,-4.28001822409273,35.16416817034798,44.68202469349698,6052.801653213992,2000-01-03
SAND.ST,Sandvik AB,455592982545.92816,SEK,-6.895666105000342,-11.801839977317098,0.6996655370111293,36.85591520210887,96.81341977707847,111.74331624632336,1451.7558580143295,2000-01-03
SAVE.ST,Nordnet AB,86730619596.0,SEK,-1.911182694285385,-5.368760425253527,17.25170002185903,30.459565234106158,166.92341284762557,158.68263364694783,297.0445676593071,2020-11-25
SCA-B.ST,Svenska Cellulosa AB SCA ser. ,83297818123.71042,SEK,2.241377994931981,19.894865213770373,8.310500889608296,-3.33289285779802,-14.659331552202492,-4.050803673034475,19223.767343439853,2000-01-03
SEB-A.ST,Skand. Enskilda Banken ser. A,452508691443.9481,SEK,2.693159427600711,17.951323378856166,32.27182145594787,34.17286171731557,124.0865894744084,166.03149793735668,1618.4256662349796,2000-01-03
SECU-B.ST,Securitas AB ser. B,88728595560.0,SEK,2.040820426647416,-5.545402659994581,-3.26899283322013,13.060273072133288,92.53877375867678,58.23240930311384,118.87472601821032,2000-01-03
SHB-A.ST,Svenska Handelsbanken ser. A,307531094925.0793,SEK,1.7241318250067916,6.787330605127595,20.882578449143118,44.345743280166985,135.01789888398767,169.32503060078812,1787.1564317331122,2000-01-03
SINCH.ST,Sinch AB,32909933714.16874,SEK,5.448001088245058,17.688444850450935,84.99210393814766,50.22450190551344,135.18778515416997,-72.32496298222281,645.4642537540874,2015-10-08
SKA-B.ST,Skanska AB ser. B,109400049640.89252,SEK,-2.868697303442491,-1.307922242216275,10.317465679515191,14.027833950784396,71.07777251714182,50.62514272267522,1094.0912069651408,2000-01-03
SKF-B.ST,"SKF, AB ser. B",125722432654.04236,SEK,0.5464480874316946,3.8374765520967635,25.528584919749697,17.048344541122983,67.28640295597081,54.018830248049696,1103.9185731371224,2000-01-03
SOBI.ST,Swedish Orphan Biovitrum AB,147623538175.90253,SEK,-6.772205061489434,-11.48225469728601,5.7884263756552645,35.117914752672434,90.64748724649243,87.69525960999447,788.541751104831,2006-09-15
SSAB-B.ST,SSAB AB ser. B,102560318265.44244,SEK,-3.251646557830701,9.974293500383347,40.06755952762049,65.69074709680326,103.97017886088888,301.11089596563477,798.4141997689284,2000-01-03
STB.OL,Storebrand ASA,80045356443.40181,NOK,-6.468872887611454,3.1099212073768534,13.047402131477238,31.05428283227436,155.60544928799004,183.84128673671012,621.3503439952617,2000-01-03
STERV.HE,Stora Enso Oyj R,7804183319.151684,EUR,-1.7488941036832406,6.471819777664578,-0.47798396656347775,6.095173262717912,-7.258347732155346,-19.82889530283475,53.88848089388845,2000-01-03
SUBC.OL,Subsea 7 S.A.,97711922525.0,NOK,0.7965705122960909,-2.1415859445589436,16.643919995481692,69.12807986489422,176.2466518712238,419.9521051713622,422.9134528501706,2000-01-03
SWED-A.ST,Swedbank AB ser A,455891053307.72003,SEK,5.130867743900014,10.786455129244699,26.504520350665707,57.41447190104398,165.55391123864806,245.3316090969079,1621.2912878258805,2000-01-03
TEL.OL,Telenor ASA,173445981595.9538,NOK,-3.8345853188880397,-10.056255787099754,-22.53402746040892,-17.773594763599153,31.49137577800911,25.828088904127334,935.7986785991168,2000-12-05
TEL2-B.ST,Tele2 AB ser. B,111627857328.83466,SEK,-4.736530662578387,-3.0722928334431465,-15.234143573803083,6.682731351134197,128.18493754298862,82.47810814805021,430.36649435201815,2000-01-03
TELIA.ST,Telia Company AB (publ),174074479935.4668,SEK,-0.24791663962046018,-2.250419537829762,-5.5050306130493665,30.908300499522223,133.0609483120622,67.04229429940203,101.03138127311632,2000-06-13
THULE.ST,Thule Group AB,20694142629.608093,SEK,-5.659149669268815,-6.913448551307766,-5.523559316609816,-14.65601435388516,-20.71363014692652,-45.79556025865678,266.2887358570839,2014-11-26
TIETO.HE,Tieto Oyj,2000881590.5722446,EUR,-3.4257019036678993,5.220307371877531,-2.5189040312672883,22.76077595359336,8.671178307959604,-2.639608908237434,-2.227633892341685,2000-01-03
TREL-B.ST,Trelleborg AB ser. B,99180867260.55579,SEK,-0.8861320456546751,6.625354477738132,30.6395852726006,27.574295408521966,73.24066591125099,168.7023271529526,2689.8667915665465,2000-01-03
TRYG.CO,Tryg,85928468007.26408,DKK,-7.746473163335576,-3.541308834897039,-3.3091230844303543,-6.104061539538408,29.971057791312905,23.975211883834202,812.1643641379258,2005-10-14
UPM.HE,UPM-Kymmene Corporation,12861433160.086945,EUR,0.6188103133111245,4.4987113547388935,-6.060906143066402,9.77221511480324,-9.769292364680581,-0.08138118124842997,342.0426756969214,2000-01-03
VALMT.HE,Valmet Oyj,5047962483.720989,EUR,-1.9595610832139343,30.2654222550119,14.996615060447404,2.293729412888945,50.706196745172136,9.130561878977916,558.4791302138655,2014-01-02
VAR.OL,Var Energi ASA,128057613348.51254,NOK,2.436096967650947,28.591645684922806,12.057743124207555,69.5654018661669,152.93580167918086,,242.25935549788025,2022-02-16
VEND.OL,Vend Marketplaces ASA,40269936858.01515,NOK,-19.37799262844746,-17.938310894119237,-15.548567457627637,-40.1513620042158,36.82831516511238,-21.182729620183117,26.833719441997374,2015-05-29
VOLV-B.ST,"Volvo, AB ser. B",638503954376.0,SEK,-9.956961895848282,-7.077294506998799,5.8211415916088916,18.40611742412466,65.83689336954697,118.7605981931068,2202.658220867774,2000-01-03
VSURE.ST,Verisure plc,8497102311.531326,EUR,-9.131212273763856,-19.9724697505301,-14.232619042926897,,,,-48.05712993695328,2025-10-08
VWS.CO,Vestas Wind Systems,190378074944.75,DKK,-8.485703630826302,4.273504343171486,5.103376576257701,56.2098428380345,45.418402415245815,-14.19487419990072,277.87490197836263,2000-05-10
WRT1V.HE,Wartsila Corporation,17456464763.110474,EUR,2.7136447486827864,-8.447453334596167,-9.718644375330033,22.57060721693358,217.34710179108853,229.77503463885574,5715.107776063274,2000-01-03
YAR.OL,Yara International ASA,105355917658.63324,NOK,-9.553996998815661,-4.72132644487937,-23.116237153307317,17.237806655702315,12.595489559636498,33.527121245790134,1990.973455183576,2004-03-24
ZEAL.CO,Zealand Pharma,17668378613.5,DKK,-13.555990413842945,-12.58278145695364,-11.409395973154357,-48.55806825400091,-14.452367213678919,44.420128880004064,206.97674418604652,2010-11-23
