Ticker,Name,Land,Region,Marktkapitalisierung,Währung,Marktkapitalisierung USD,1M,3M,6M,1J,3J,5J,Max,Historie seit
0700.HK,Tencent,China/Hongkong,China/Hongkong,3853069729457.4297,HKD,491018290183.4544,-3.2971942159952583,-5.265484024993084,-11.449522138506152,-36.0606715697917,44.411869776667466,8.398693120992927,60785.198548858396,2004-06-16
1398.HK,ICBC,China/Hongkong,China/Hongkong,2687303164855.24,HKD,342458117257.4869,-1.8843401909269586,17.41835757848884,11.562195042039725,40.65226201129695,148.49543594487287,149.9537340449942,503.5513417521517,2006-10-27
1288.HK,Agricultural Bank of China,China/Hongkong,China/Hongkong,2278389630617.9893,HKD,290347971708.07794,-0.45871151599657933,22.830188577393272,17.50457001808212,33.09727852923299,168.26910068329485,247.27433048225421,423.47039747537184,2010-07-16
9988.HK,Alibaba,China/Hongkong,China/Hongkong,2155382276102.1604,HKD,274672454487.9789,-1.725705315359749,12.767066586367859,-8.589528730411299,-39.988138106763635,31.52651644884832,-20.58594866428406,-41.87873852102227,2019-11-26
0857.HK,PetroChina,China/Hongkong,China/Hongkong,1772558246965.9885,HKD,225887040927.85275,-1.7969341301021569,11.980157515234758,-4.540379546068207,44.396091512952054,116.06215611327598,242.5340647863878,3026.417336572742,2000-04-07
0939.HK,China Construction Bank,China/Hongkong,China/Hongkong,2511363761799.026,HKD,320037172159.064,-1.639342660450327,22.292999975763305,17.005927400818187,39.1131626228757,168.94635716674063,151.69507613582712,1115.6713326658994,2005-10-27
3988.HK,Bank of China,China/Hongkong,China/Hongkong,1930052273017.2915,HKD,245957388161.5398,-1.2366081680907137,24.27384974663822,21.670722699650092,50.46911023424219,164.8857677306359,215.65209153803613,513.2241302309359,2006-06-01
300750.SZ,CATL,China,China/Hongkong,1347038588309.4822,CNY,201296897496.44077,-21.001360827255766,-25.65779629357149,-28.139179785088576,-26.172835626901435,54.068552011040374,8.53746634193353,1482.4567802710733,2018-06-11
0941.HK,China Mobile,China/Hongkong,China/Hongkong,1709759421981.8552,HKD,217884234377.66318,-1.0043980369515593,5.93442373925297,5.2255256604526235,0.45681243153450346,47.6279633629348,138.99762783622495,341.2857500301022,2000-01-04
600519.SS,Kweichow Moutai,China,China/Hongkong,1573377698546.706,CNY,235120249750.98685,-2.989057235018089,6.168757685449067,-9.26700827521767,-9.255213685504193,-22.099475982117045,-20.42306932682164,26733.690571316452,2001-08-27
2318.HK,Ping An,China/Hongkong,China/Hongkong,931638194457.7844,HKD,118723881328.94702,-9.973754349522379,-0.6649777571097415,-9.778792862954944,1.9965594059817793,43.02947451048762,31.029547860780582,1636.7970288921647,2004-06-24
1810.HK,Xiaomi,China/Hongkong,China/Hongkong,622707342740.2493,HKD,79355089885.70918,-14.978903477095152,3.865977628800299,-21.696888075383256,-55.097491197151925,103.53535414350215,17.66423943008606,43.92857978133156,2018-07-09
PDD,PDD Holdings,China,China/Hongkong,110882586561.73064,USD,110882586561.73064,-5.242668296547636,-5.44968794396381,-22.771885194066243,-41.97392809990398,-20.801137614388566,-10.889952919775103,191.7602970034625,2018-07-26
3968.HK,China Merchants Bank,China/Hongkong,China/Hongkong,1281168137289.5847,HKD,163266442701.5279,-4.87347431768399,11.882714543919981,4.80337896516041,14.610075029159052,85.63619232404756,11.08755652779909,1176.562979211293,2006-09-22
1211.HK,BYD,China/Hongkong,China/Hongkong,681510517983.75,HKD,86848708375.06042,-13.174693294360107,-10.739856410794268,-27.664055937554988,-30.47451237879808,-1.0176892692853379,-2.9782269221406144,8776.865620015351,2002-07-31
0883.HK,CNOOC,China/Hongkong,China/Hongkong,1118855160298.3325,HKD,142581989516.70224,-2.4336484672243586,16.20782721475271,-7.521040788602351,33.197302458692015,120.18098825630688,313.7924854415669,2322.3911189762,2004-03-17
1299.HK,AIA Group,Hongkong,China/Hongkong,707310588529.1443,HKD,90136556095.27179,-11.483872936617946,-6.6463580245888165,-18.422159027606156,-6.543476920969371,9.976755945005866,-13.629397710907998,287.4957685507704,2010-10-29
2899.HK,Zijin Mining,China/Hongkong,China/Hongkong,864200942832.5,HKD,110129974051.70154,-11.202182090308266,5.6973245910588055,-5.32185610359689,-2.1640696682295735,208.53750265725228,297.36363578062793,13685.024744035016,2003-12-23
3690.HK,Meituan,China/Hongkong,China/Hongkong,435114801921.0,HKD,55449120071.555756,-13.822633702456045,-6.00400291291211,-12.211841809044,-33.28598677441549,-34.949219794044396,-69.18197941064764,-3.028223718416645,2018-09-20
000333.SZ,Midea,China,China/Hongkong,611157691344.6449,CNY,91329341428.2647,-7.108900201984736,6.050575623836596,16.743373487009407,16.58694960301745,67.19330810618335,44.63050220027398,1027.4968914979238,2013-09-18
9999.HK,NetEase,China/Hongkong,China/Hongkong,593266153350.9669,HKD,75603233965.643,-2.0624056210439945,-11.087223953953618,6.081888661828749,-20.204738683664214,19.18622258394209,46.72283201596568,44.66585449607461,2020-06-11
0388.HK,Hong Kong Exchanges,Hongkong,China/Hongkong,479308396413.674,HKD,61080957730.48891,-7.289625411647648,2.4815339974886053,-2.590792243890727,-12.606263981315768,44.43513906642571,-7.055897556869272,11183.388381250526,2000-06-27
9618.HK,JD.com,China/Hongkong,China/Hongkong,281905390851.69183,HKD,35924785360.42167,-6.521743186705454,-2.1800976793912907,-7.360865767790681,-24.443732696767263,-7.803165449894623,-61.61461621001179,-55.18424493773861,2020-06-18
9888.HK,Baidu,China/Hongkong,China/Hongkong,234483758437.2387,HKD,29881580720.79738,-10.21898112182329,-22.08144934468679,-20.86397421040327,-38.146551464268285,-32.62911078393997,-39.91626193962951,-65.83333393884084,2021-03-23
2330.TW,TSMC,Taiwan,Taiwan,67035176623195.0,TWD,2109550109804.4246,7.577144896136989,5.390616733822151,43.62022762946649,86.90718039827328,409.3248745377128,394.9243905505834,7676.251619042963,2000-01-04
2454.TW,MediaTek,Taiwan,Taiwan,7858019957760.0,TWD,247286390515.78424,11.438278595696483,19.98536763809291,237.84277769009034,282.2227878510391,601.1109676965955,670.1878736318796,18673.068522253918,2001-07-23
2308.TW,Delta Electronics,Taiwan,Taiwan,5324963824450.0,TWD,167572886153.71878,12.328767123287676,2.7568922305764465,44.10625777065209,118.76002421606357,533.0084410674478,820.5518618952946,8198.942500817702,2000-01-04
2317.TW,Hon Hai / Foxconn,Taiwan,Taiwan,3590954496000.0,TWD,113004825718.89496,0.0,5.785123966942152,36.59253677171599,16.39011449470815,165.59520215576248,199.89692237360077,69788.7376818128,1993-01-05
3711.TW,ASE Technology,Taiwan,Taiwan,3271837673808.0,TWD,102962442582.05931,26.530612244897966,9.572901325478655,107.97795344590017,353.6558352239233,627.5869936552415,838.2921656038453,2429.0297951621505,2000-01-04
2881.TW,Fubon Financial,Taiwan,Taiwan,2111354034322.5,TWD,66442834334.23376,2.657807308970095,27.160493827160504,81.9390820238765,84.67343447350086,206.24419477196022,198.50550637245394,1751.650261017494,2001-12-20
2382.TW,Quanta Computer,Taiwan,Taiwan,1367189386400.0,TWD,43024493489.67048,-3.3333333333333326,-8.005793008050743,22.22779468655336,15.912691442502114,47.830739843739266,464.4598000137394,1653.1746188513196,2000-01-04
3037.TW,Unimicron,Taiwan,Taiwan,2148910455910.0,TWD,67624708646.717606,45.23281596452329,42.85714285714286,152.9253162886287,741.4631229855869,683.627427346969,1092.8874848478617,17895.7909564255,2000-01-04
005930.KS,Samsung Electronics,Südkorea,Südkorea,1786105164832000.0,KRW,1330610656111.1187,6.457925636007822,-14.465408805031444,41.015000179022955,205.50419116194698,333.5148465075913,319.6789099534636,6270.821141451749,2000-01-04
000660.KS,SK Hynix,Südkorea,Südkorea,1260736861500000.0,KRW,939222356832.3744,7.650273224043724,-24.31137438249522,100.18973142692977,349.61478910597054,1401.3644618066467,1838.118456115252,,2000-01-04
402340.KS,SK Square,Südkorea,Südkorea,152989728939000.0,KRW,113974119559.15408,11.527377521613836,-22.341137123745824,138.70928900523083,384.3809250760414,2622.5156595763547,,1429.6239581799032,2021-11-29
207940.KS,Samsung Biologics,Südkorea,Südkorea,60985015570000.0,KRW,45432549649.548294,-9.467864547339321,-6.761565836298933,-15.7556270096463,-15.975091425193943,16.554394089535563,8.856731142466966,433.1620567184206,2016-11-11
005380.KS,Hyundai Motor,Südkorea,Südkorea,91118258448000.0,KRW,67881179700.07651,-9.256844850065193,-30.23909210588548,-25.055415987868347,62.01851559119045,107.73125515026054,122.51884296595877,3155.4832453865993,2000-01-04
000270.KS,Kia,Südkorea,Südkorea,43762670441800.0,KRW,32602265967.477528,-10.98814229249012,-29.931549471064088,-25.725593667546175,12.805235024472662,54.43338619050848,93.17225191469423,2492.9696902095393,2000-01-04
373220.KS,LG Energy Solution,Südkorea,Südkorea,91260000000000.0,KRW,67986774165.183304,8.786610878661083,10.014104372355437,-5.454545454545457,-2.2556390977443663,-15.94827586206896,,-22.77227722772277,2022-01-27
068270.KS,Celltrion,Südkorea,Südkorea,41591924524800.0,KRW,30985106067.96983,-3.0303030303030276,3.695281409891993,-2.185902422527808,9.39780321609074,54.30693896769032,6.390415165592045,3306.3435437717035,2005-07-19
009150.KS,Samsung Electro-Mechanics,Südkorea,Südkorea,126541643750000.0,KRW,94270854220.05621,19.55745895788723,-8.369803063457326,262.5541125541126,760.2224397208353,1211.1020008003593,1002.464852248113,2649.679102573483,2000-01-04
105560.KS,KB Financial,Südkorea,Südkorea,58599609925900.0,KRW,43655472783.2566,-2.9651162790697683,-1.6752560593902954,14.438447444301584,46.69910868233187,235.3434707214126,292.3549266409862,500.5235381701548,2001-12-25
RELIANCE.NS,Reliance Industries,Indien,Indien,16459547126715.766,INR,170715629850.12997,-7.980332829046899,-7.931585934706753,-6.329068235548895,-11.11821450996061,6.22693106941985,4.924771173854392,26369.817968120664,1996-01-01
HDFCBANK.NS,HDFC Bank,Indien,Indien,11001083348062.0,INR,114101369760.64642,0.16149760616355202,-14.0507295313962,-5.960212886358674,-25.517822131973666,-2.886894641160065,-5.606026667885844,62949.17097449697,1996-01-01
BHARTIARTL.NS,Bharti Airtel,Indien,Indien,11206501838874.178,INR,116231935490.79002,-2.3641304347826075,-5.535158430131326,1.4674973202369657,-4.413355124536366,99.1835424351197,169.19991790615327,12519.519494513614,2002-07-01
TCS.NS,TCS,Indien,Indien,7560717309700.17,INR,78418476991.34048,-9.331597222222221,2.0827079832764994,-13.944214132124843,-27.1944714881011,-36.71396077742799,-36.898187022295595,8142.608169038104,2002-08-12
ICICIBANK.NS,ICICI Bank,Indien,Indien,9608301692643.5,INR,99655674765.63966,-5.965423359791622,-5.418557465192208,9.597416691458506,-1.0134529957744998,45.12314352815097,101.78306196047365,7403.461161705385,2002-07-01
SBIN.NS,State Bank of India,Indien,Indien,8800471031849.275,INR,91276992229.1141,-6.210016445433997,-8.162277648391836,-6.058787621573747,10.997983276887503,69.33191554200424,127.8691679035644,8008.463890830888,1996-01-01
BAJFINANCE.NS,Bajaj Finance,Indien,Indien,5988250800107.438,INR,62109121178.771286,-9.255070666106791,-6.486250275343231,13.799823964437774,-4.027585170870685,19.865969052553467,27.58278160163945,246540.99174846505,2002-07-01
HINDUNILVR.NS,Hindustan Unilever,Indien,Indien,4396085251202.0,INR,45595450273.094025,-5.214352039172354,-15.054495912806543,-9.366562893297893,-25.077523026123426,-20.77369439071567,-24.053770820967337,5563.923441792642,1996-01-01
INFY.NS,Infosys,Indien,Indien,4078695963913.0,INR,42303542441.72485,-10.884955752212388,-3.3774662081201723,-21.23787623242689,-29.231675401316192,-25.145322630713242,-30.91458772828264,214891.75852836005,1996-01-01
LT.NS,Larsen & Toubro,Indien,Indien,5168303231088.478,INR,53604764126.20363,-5.2546616810024815,-7.057657786980331,1.7379179519405152,1.4847257269954506,24.703249566401308,133.13809376591257,12503.011749266796,2002-07-01
KOTAKBANK.NS,Kotak Mahindra Bank,Indien,Indien,4300966531260.3486,INR,44608895050.13649,1.7432258884533258,13.465949870214677,19.99602344893312,0.8028042020865378,24.32457338066847,11.015603998272061,97420.10136272955,2001-07-02
M&M.NS,Mahindra & Mahindra,Indien,Indien,3425054164571.66,INR,35524080612.558815,-10.018930525433756,-10.895915723740979,-4.608342376414876,-16.982881111682158,88.96509070006702,258.1966780879875,11536.069379489636,1996-01-01
AXISBANK.NS,Axis Bank,Indien,Indien,3886507381432.368,INR,40310195075.87109,-1.932441130081497,-6.7361260442480475,0.3262525756265955,3.0147360863177264,25.020788117191927,61.060319350662006,55383.393147005154,1998-11-27
ITC.NS,ITC,Indien,Indien,3320587026465.0,INR,34440565182.685776,0.3407776886349634,-8.06591500433651,-7.675273308098918,-30.64889357147432,-30.175169178175654,45.53723706651507,10095.898306173089,1996-01-01
BHP.AX,BHP,Australien,Australien,319514479096.10876,AUD,222751306729.68567,0.9799206591992959,7.015896807779676,25.377592749780952,56.209194255370186,63.82618869233105,161.97294496458684,16517.98776454779,1988-01-29
CBA.AX,Commonwealth Bank,Australien,Australien,254753556057.8954,AUD,177602866907.51575,-5.011839781761839,-5.895456861014536,-10.328395295192639,-7.610452744470364,67.65087759059203,76.21036177081393,14524.700219395194,1991-09-30
NAB.AX,National Australia Bank,Australien,Australien,118473666835.61325,AUD,82594579673.96906,-1.4012719415555375,0.12936412700286226,-5.407683247576866,-9.711499661717593,53.87582301791258,78.99661061208359,10300.264556472659,1988-01-29
WBC.AX,Westpac,Australien,Australien,118360688125.94649,AUD,82515815934.42867,-0.8581214099453227,-1.7852112546645982,-11.287467157197295,-8.452802957589833,88.53089708469366,76.17139321603584,7439.67161165975,1988-01-29
CSL.AX,CSL,Australien,Australien,85745718563.5426,AUD,59778107428.92744,3.7268683437153394,45.700221885420135,30.283889385041874,-10.858923899449536,-24.260455914337918,-32.14830341960621,37492.650946217196,1994-05-31
WES.AX,Wesfarmers,Australien,Australien,86122569072.92175,AUD,60040830869.95404,-2.4057669700527917,-13.4956222431581,5.02250250881664,-14.777888257466188,59.35753241983679,69.5264765719006,83521.10643171055,1988-01-29
ANZ.AX,ANZ,Australien,Australien,113997610207.30707,AUD,79474071752.78854,-0.2371545475060466,8.171430315290173,5.743523499893777,16.34167421683843,76.58145222321156,83.77400296378264,10751.753357829497,1988-01-29
MQG.AX,Macquarie,Australien,Australien,95292228146.69899,AUD,66433509995.8825,-0.734502275217741,-0.2831697312553061,23.75021826752681,15.336775937594172,66.08676102296963,67.34986877302549,14110.06336437299,1996-07-31
WDS.AX,Woodside Energy,Australien,Australien,59390368063.43271,AUD,41404327374.182335,-1.8535977191394104,13.912299789851335,-8.36141353455815,42.12838395139431,10.228122229786685,82.37489057232872,10472.850991088364,1988-01-29
2222.SR,Saudi Aramco,Saudi-Arabien,Nahost,6289592400000.0,SAR,1675616079114.9973,0.15408673704950804,0.6705715396440715,-3.032296537122803,10.08186515660201,-7.883587836554806,6.978036345646199,20.81243386728726,2019-12-11
1120.SR,Al Rajhi Bank,Saudi-Arabien,Nahost,381000000000.0,SAR,101502559393.64433,-2.4341890713639125,-1.618673826940198,-7.742665561021833,-7.396479494500186,56.19804156412134,32.88939324933151,484.1586500247579,2010-03-03
7010.SR,STC,Saudi-Arabien,Nahost,213962929489.68887,SAR,57002060258.70152,-2.2799817284179125,-0.2217670603982258,3.4325204853704827,1.6342175077830312,42.75067941773996,18.607629572765205,456.75469092362346,2010-03-04
1180.SR,Saudi National Bank,Saudi-Arabien,Nahost,230515400905.60913,SAR,61411819347.95624,-8.18353638687167,2.4630054806732637,-2.0093304821975244,5.007910344204203,38.00155584212752,2.541389411376227,151.553122253273,2014-11-12
EMIRATESNBD.AE,Emirates NBD,VAE,Nahost,195688210986.4308,AED,53283288102.551994,2.176780521289956,-0.06451760568926268,9.624909028042538,28.717655338812143,101.42130723236215,199.6567011355355,3071.554999271729,2010-03-09
QNBK.QA,Qatar National Bank,Katar,Nahost,143781342997.70346,QAR,39500366601.007576,-5.218955498364341,-9.714284624372205,-9.195399211914223,-12.522384869591697,16.927378063119548,-1.8956768134983482,344.1956031675897,2010-02-22
PETR4.SA,Petrobras,Brasilien,Lateinamerika,756410580622.0898,BRL,151318434816.57883,17.512205249658198,49.27477392455049,22.278537860547807,95.92441671064482,155.10959542246403,536.2929839609121,5152.23940421289,2000-01-03
VALE3.SA,Vale,Brasilien,Lateinamerika,303861470056.7787,BRL,60786883774.472824,-9.183415121436145,-6.895576760895539,-12.14420247684953,31.842088005493707,41.98476490499723,44.046729517875384,5601.371382923756,2000-01-03
ITUB4.SA,Itau Unibanco,Brasilien,Lateinamerika,545362248332.74713,BRL,109098634974.00117,18.082838790870536,15.919775404449311,15.603376814289916,44.194467601313605,154.76873114776186,209.20104754076786,4279.602389117751,2000-12-21
NU,Nu Holdings,Brasilien,Lateinamerika,73329855317.8292,USD,73329855317.8292,-1.2361716447494286,11.535640617950138,7.279156992320046,-0.8491189476020455,112.6050502665847,,46.95063327483269,2021-12-09
WEGE3.SA,WEG,Brasilien,Lateinamerika,215036271663.75,BRL,43017579196.46033,-0.7415232245115311,10.491252526374018,2.3163610539402857,46.82136286849649,58.655842938878045,52.79568560724572,46154.1899809487,2000-01-03
BBAS3.SA,Banco do Brasil,Brasilien,Lateinamerika,150314635238.56754,BRL,30070144333.013786,16.91829213364382,32.43910771682972,13.932474936841754,25.496360292703855,31.229195549853483,148.73424307336683,5993.701566581598,2000-01-03
AMXB.MX,America Movil,Mexiko,Lateinamerika,1200960110000.0,MXN,66531461984.97407,-0.565255437708112,-12.817113019314263,-14.004066105407142,2.1452574872824037,38.14995676419122,30.081008820977594,139.82038362853345,2000-01-03
WALMEX.MX,Walmart de Mexico,Mexiko,Lateinamerika,799707564931.32,MXN,44302648366.33441,-1.5167760699426935,-7.726182308020169,-21.8511660240399,-15.142108854648173,-23.84460764386047,-24.3442022466536,1197.739569922697,2003-01-01
GMEXICOB.MX,Grupo Mexico,Mexiko,Lateinamerika,1844382873716.2,MXN,102176157248.37572,4.2713517610865726,18.702760317248025,20.658436266153913,51.983030423018015,214.4156163999532,262.59794750524384,11710.133569061973,2000-01-03
SQM,SQM,Chile,Lateinamerika,18803537423.658447,USD,18803537423.658447,-12.220815494196447,-7.717145141323156,-18.456184068805324,57.39412000447275,31.44706607406993,52.374640363870874,6793.633318810927,1993-09-21
MELI,MercadoLibre,Argentinien,Lateinamerika,94326976026.59106,USD,94326976026.59106,-5.9518995972351,5.515039515916609,8.457491849028775,-14.366126551533199,53.21480738075155,17.356068606499385,6637.328862940134,2007-08-10
D05.SI,DBS,Singapur,Südostasien,222543048671.5,SGD,173954171238.37347,-0.4831594093325786,18.229862758233708,41.17924312467123,55.04769236884315,202.34419788018775,275.86754916176795,815.3036709601338,2000-01-03
SE,Sea,Singapur,Südostasien,59319125021.12279,USD,59319125021.12279,-13.596215863750405,-6.24395390811846,17.707826824239437,-47.623169890203734,129.93827381321657,-69.82302058410343,495.63343856595543,2017-10-20
O39.SI,OCBC,Singapur,Südostasien,143856690912.0,SGD,112447778504.33292,-0.8676810742906049,27.383502047883734,48.51021576075614,97.89602394956356,192.60161759827454,263.28504037361324,1214.8306345369374,2000-01-03
U11.SI,UOB,Singapur,Südostasien,71514560198.43268,SGD,55900447688.925224,3.2611349710047532,9.360575978039808,22.445165503514765,27.669585236331386,80.52692309005045,115.63483369459546,748.2978506955151,2000-01-03
BBCA.JK,Bank Central Asia,Indonesien,Südostasien,758760785705000.0,IDR,42377032509.095764,-7.835820895522383,1.207092083136363,-4.631780668781104,-13.159032465930798,-23.153814509165528,0.7610541443266117,6432.928439065441,2004-06-08
BBRI.JK,Bank Rakyat Indonesia,Indonesien,Südostasien,476162038200640.0,IDR,26593802094.92138,-6.784660766961648,13.261648745519716,1.6437192635052167,-4.619386817650206,-22.30707533981231,7.81961612686024,8626.781153461552,2003-11-10
BMRI.JK,Bank Mandiri,Indonesien,Südostasien,383979866661160.0,IDR,21445398337.5264,-5.347926933879976,3.811955988285809,-1.2055189726393079,9.071234862267797,-10.781332656896037,79.36827748411297,5217.439798589465,2003-07-14
1155.KL,Maybank,Malaysia,Südostasien,121439614877.27026,MYR,29731819921.485847,-2.014720916500934,-5.418229335820124,-7.778556823344173,6.2369445360499265,36.886506078800906,69.80198993933537,548.3752016895306,2000-01-03
1295.KL,Public Bank,Malaysia,Südostasien,90647931883.36826,MYR,22193153278.155407,-4.21338086362586,-2.847776233143906,2.8054767164810146,11.91496670273484,33.302826367818184,42.95451246296027,2504.291435493765,2000-01-03
PTT.BK,PTT,Thailand,Südostasien,1175459937775.0,THB,34983929013.219025,0.0,11.409395973154357,21.16788321167884,35.05123585063939,54.72156385887439,36.18685844616072,3407.381266145185,2001-12-06
AOT.BK,Airports of Thailand,Thailand,Südostasien,839284875000.0,THB,24978718155.58942,-7.480314960629919,-8.560311284046696,10.849056603773576,43.72208792406571,-11.593979443092861,-4.660174016527307,2170.936005989589,2004-03-11
NPN.JO,Naspers,Südafrika,Afrika,52925904826765.0,ZAc,31871557145.943134,-6.271222410865873,-12.894915254237294,-18.815270964258225,-44.932202623128994,14.181377499495063,42.950646186485876,9787.604375227813,2000-01-04
SBK.JO,Standard Bank,Südafrika,Afrika,47805213580590.0,ZAc,28787917778.540886,-8.41140511369024,-9.046868200848035,-4.926810047565744,18.324827599395444,57.87940074749702,108.87186445123929,1094.2534044434635,2000-01-04
GFI.JO,Gold Fields,Südafrika,Afrika,53362029696998.0,ZAc,32134188059.290672,-21.926808217130056,6.009707593211,-25.225938540968784,-18.35782946582396,177.69795399485787,384.3614916238633,2325.846820287588,2000-01-04
MTN.JO,MTN,Südafrika,Afrika,33982959908181.0,ZAc,20464267020.97985,-7.07440670312578,-18.355741679523916,-4.560560489635346,28.901680163092138,66.26778071155634,29.713995251766367,703.195332316149,2000-01-04
CHKP,Check Point,Israel,Weitere,13230200340.671844,USD,13230200340.671844,-5.4505662563772646,-5.125201278484958,-12.581794801346991,-35.714641502875224,-3.872404378729022,13.976602206370647,3139.500045776367,1996-06-28
TEVA.TA,Teva,Israel,Weitere,14182118538880.0,ILA,46546974336.63774,11.131386861313874,14.79736098020734,29.781566329248797,89.13043478260869,252.83893395133256,284.71257106759316,57.48989370020601,2002-08-12
LUMI.TA,Bank Leumi,Israel,Weitere,10968158563656.0,ILA,35998471863.216255,-5.5709954522486065,9.615139789233162,3.2657259687519424,14.541301324099475,137.3885215746249,171.17337467442474,300.7748834510391,2007-12-31
ESLT.TA,Elbit Systems,Israel,Weitere,10246974366720.0,ILA,33631481190.08515,2.434545112073838,-11.302752293577978,-22.943071306905637,29.714801893090414,173.8063899210663,368.1393087289215,2750.155798416905,2002-08-12
PKO.WA,PKO BP,Polen,Weitere,150574998855.59082,PLN,38610856507.81888,3.062448061869505,20.426319047379017,41.59459264135694,73.90165051544815,306.43240123461953,244.51955326824466,954.5639708871505,2004-11-10
PKN.WA,Orlen,Polen,Weitere,172121261955.75485,PLN,44135808718.763275,-6.227845783475083,10.981276151392795,17.402993616044604,83.68131457049199,232.4681007695534,153.29102692175206,1046.846429331248,2000-01-03
DNP.WA,Dino Polska,Polen,Weitere,32764966204.833984,PLN,8401683003.376013,-7.031680965773646,20.497119910459062,-0.44642177974254516,-22.245466278457826,-4.646525037157412,-3.851681854914313,792.000020345052,2017-04-19
AKBNK.IS,Akbank,Türkei,Weitere,358539984130.8594,TRY,7291146993.090752,-3.8274183137115725,-5.986396633848856,-1.7069765654963431,22.009712469257025,126.01552674133076,1559.090765980174,,2000-05-10
BIMAS.IS,BIM,Türkei,Weitere,487059135000.0,TRY,9904668669.579998,-0.4839685420447659,11.519646178288223,20.374179128302305,49.45546149967848,183.16239585631587,1441.723288931467,118202.0834199571,2005-07-22
EBS.VI,Erste Group,Österreich,Weitere,44943805431.34094,EUR,50436319401.73842,-6.618244129661277,-2.691341073650222,23.86238161119769,35.135655345145935,291.15511436234783,277.8682046150411,1855.620936225074,2000-01-03
OMV.VI,OMV,Österreich,Weitere,23254109335.41426,EUR,26095958599.581085,3.410737913029549,24.89044864651797,21.722665699372424,67.46184720376004,120.92192264865585,111.84880438520639,2467.244566415404,2000-01-03
