Name,WKN,ISIN,Ticker
1&1,554550,DE0005545503,1U1.DE
Adtran Networks (ehem. Adva),510300,DE0005103006,ADV.DE
Alzchem Group,A41YHG,DE000A41YHG1,ACT0.DE
ASTA Energy Solutions,A4214T,AT100ASTA001,1AST.DE
ATOSS Software,510440,DE0005104400,AOF.DE
Basler,510200,DE0005102008,BSL.DE
BEFESA,A2H5Z1,LU1704650164,BFSA.DE
Cancom,541910,DE0005419105,COK.DE
Carl Zeiss Meditec,531370,DE0005313704,AFX.DE
CEWE,540390,DE0005403901,CWC.DE
Dermapharm,A2GS5D,DE000A2GS5D8,DMP.DE
Deutsche Beteiligungs AG,A1TNUT,DE000A1TNUT7,DBAN.DE
Deutsche Euroshop,748020,DE0007480204,DEQ.DE
Deutsche Pfandbriefbank (pbb),801900,DE0008019001,PBB.DE
Douglas,BEAU1Y,DE000BEAU1Y4,DOU.DE
Drägerwerk,555063,DE0005550636,DRW3.DE
Dürr,556520,DE0005565204,DUE.DE
Eckert & Ziegler,565970,DE0005659700,EUZ.DE
Einhell,A40ESU,DE000A40ESU3,EIN.DE
Energiekontor,531350,DE0005313506,EKT.DE
Evotec,566480,DE0005664809,EVT.DE
Fielmann,577220,DE0005772206,FIE.DE
Friedrich Vorwerk,A255F1,DE000A255F11,VH2.DE
GFT Technologies,580060,DE0005800601,GFT.DE
Grand City Properties,A1JXCV,LU0775917882,GYC.DE
grenke,A161N3,DE000A161N30,GLJ.DE
Hamborner REIT,A3H233,DE000A3H2333,HABA.DE
Heidelberger Druckmaschinen,731400,DE0007314007,HDD.DE
HelloFresh,A16140,DE000A161408,HFG.DE
Hornbach Holding,608340,DE0006083405,HBH.DE
Hugo Boss,A1PHFF,DE000A1PHFF7,BOSS.DE
Hypoport,549336,DE0005493365,HYQ.DE
INDUS Holding,620010,DE0006200108,INH.DE
INIT innovation in traffic systems,575980,DE0005759807,IXX.DE
JOST WERKE,JST400,DE000JST4000,JST.DE
Jungheinrich,621993,DE0006219934,JUN3.DE
Kontron,A0X9EJ,AT0000A0E9W5,KTN.DE
KSB Vz,629203,DE0006292030,KSB3.DE
KWS Saat,707400,DE0007074007,KWS.DE
LPKF Laser,645000,DE0006450000,LPK.DE
MBB,A0ETBQ,DE000A0ETBQ4,MBB.DE
Medios,A1MMCC,DE000A1MMCC8,ILM1.DE
MLP,656990,DE0006569908,MLP.DE
Mutares,A2NB65,DE000A2NB650,MUX.DE
Nagarro,A3H220,DE000A3H2200,NA9.DE
NORMA Group,A1H8BV,DE000A1H8BV3,NOEJ.DE
OHB,593612,DE0005936124,OHB.DE
Ottobock,BCK222,DE000BCK2223,OBCK.DE
Patrizia,PAT1AG,DE000PAT1AG3,PAT.DE
PNE,A0JBPG,DE000A0JBPG2,PNE3.DE
PVA TePla,746100,,TPE.DE
Redcare Pharmacy,A2AR94,,RDC.DE
SAF-HOLLAND,SAFH00,,SFQ.DE
SCHOTT Pharma,A3ENQ5,,1SXP.DE
secunet Security Networks,727650,,YSN.DE
SFC Energy,756857,,F3C.DE
Shelly Group,A2DGX9,,SLYG.DE
Sixt (Stammaktie),723132,,SIX2.DE
SMA Solar,A0DJ6J,,S92.DE
Springer Nature,SPG100,,SPG.DE
Stabilus,STAB1L,,STM.DE
Sto,727413,,STO3.DE
Südzucker,729700,,SZU.DE
TeamViewer,A2YN90,,TMV.DE
Tonies,A3CM2W,,TNIE.DE
Verbio,A0JL9W,,VBK.DE
Vincorion,VNC001,,V1NC.DE
Vossloh,766710,,VOS.DE
W&W (Wüstenrot & Württembergische),805100,,WUW.DE
Wacker Neuson,WACK01,,WAC.DE
