Name;Ticker;Typ;WKN;ISIN;Stück;Kaufkurs;Kaufdatum;Kaufwert;Spesen EUR;Aktueller Kurs;Kurswährung;Aktueller Wert EUR;Gewinn Verlust EUR;Gewinn Verlust Prozent;Gewichtung Prozent
ABN AMRO;ABN.AS;Aktie;A143G0;NL0011540547;183,0;27,34 EUR;04.03.26;5.003,22 EUR;;37,7;EUR;6.899,10;;;4,07 %
AEGON;AGN.AS;Aktie;A3ET99;BMG0112X1056;803,0;6,24 EUR;05.03.26;5.007,51 EUR;;8,05;EUR;6.462,54;;;6,73 %
Altria Group;MO;Aktie;200417;US02209S1033;100,0;42,62 EUR;01.07.19;4.261,50 EUR;;64,2;EUR;6.420,00;;;3,79 %
AT&T;T;Aktie;A0HL9Z;US00206R1023;150,0;29,95 EUR;03.07.19;4.492,50 EUR;;21,14;EUR;3.171,00;;;1,87 %
BNP Paribas;BNP.PA;Aktie;887771;FR0000131104;100,0;42,09 EUR;01.07.19;4.208,50 EUR;;105,5;EUR;10.550,00;;;6,22 %
China Mobile;0941.HK;Aktie;909622;HK0941009539;585,0;8,56 EUR;05.03.26;5.008,19 EUR;;8,46;EUR;4.949,10;;;5,16 %
DWS Group;DWS.DE;Aktie;DWS100;DE000DWS1007;86,0;58,45 EUR;05.03.26;5.026,70 EUR;;70,4;EUR;6.054,40;;;6,31 %
Eurocommercial Properties;ECMPA.AS;Aktie;A3CZHN;NL0015000K93;188,0;26,80 EUR;04.03.26;5.038,40 EUR;;27,2;EUR;5.113,60;;;3,02 %
Exxon Mobil;XOM;Aktie;A426ZY;US30233Q1085;70,0;68,11 EUR;01.07.19;4.767,70 EUR;;119,8;EUR;8.386,00;;;4,95 %
Freenet;FNTN.DE;Aktie;A0Z2ZZ;DE000A0Z2ZZ5;180,0;28,06 EUR;05.03.26;5.050,80 EUR;;24,58;EUR;4.424,40;;;4,61 %
Frontline;FRO;Aktie;A3D38W;CY0200352116;167,0;30,11 EUR;05.03.26;5.028,37 EUR;;34,88;EUR;5.824,96;;;6,07 %
Greencoat UK Wind;UKW.L;Aktie;A1T7LN;GB00B8SC6K54;4,45;1,13 EUR;05.03.26;5.028,50 EUR;;1,28;EUR;5.696,00;;;5,93 %
H&M Hennes & Mauritz;HM-B.ST;Aktie;872318;SE0000106270;300,0;17,73 EUR;12.11.19;5.317,80 EUR;;14,84;EUR;4.450,50;;;2,63 %
Hoeegh Autoliners;HAUTO.OL;Aktie;A3C8LV;NO0011082075;406,0;12,34 EUR;04.03.26;5.010,04 EUR;;15,02;EUR;6.098,12;;;3,60 %
Imperial Brands;IMB.L;Aktie;903000;GB0004544929;200,0;23,92 EUR;16.01.20;4.783,00 EUR;;33,01;EUR;6.602,00;;;3,90 %
Iron Mountain;IRM;Aktie;A14MS9;US46284V1017;200,0;27,10 EUR;01.07.19;5.420,00 EUR;;114,15;EUR;22.830,00;;;13,47 %
KPN;KPN.AS;Aktie;890963;NL0000009082;1,05;4,78 EUR;04.03.26;5.022,15 EUR;;4,1;EUR;4.302,90;;;2,54 %
Land Securities Group;LAND.L;Aktie;A2DW9E;GB00BYW0PQ60;740,0;6,80 EUR;02.10.25;5.032,00 EUR;;8,27;EUR;6.119,80;;;3,61 %
Legal & General;LGEN.L;Aktie;851584;GB0005603997;2,0;2,79 EUR;22.09.25;5.580,00 EUR;;3,55;EUR;7.098,00;;;4,19 %
Lyondellbasell Industries;LYB;Aktie;A1CWRM;NL0009434992;93,0;53,80 EUR;05.03.26;5.003,40 EUR;;53,76;EUR;4.999,68;;;5,21 %
M&G PLC;MNG.L;Aktie;A2PSZW;GB00BKFB1C65;1,4;3,59 EUR;05.03.26;5.026,00 EUR;;4,21;EUR;5.894,00;;;6,14 %
Mercedes-Benz Group (Daimler);MBG.DE;Aktie;710000;DE0007100000;100,0;51,91 EUR;14.11.19;5.191,00 EUR;;44,51;EUR;4.451,00;;;2,63 %
Mowi ASA;MOWI.OL;Aktie;924848;NO0003054108;300,0;22,30 EUR;18.10.19;6.690,00 EUR;;18,23;EUR;5.469,00;;;3,23 %
NEPI ROCKCASTLE EO -,01;NRP.JO;Aktie;A3DNGP;NL0015000RT3;675,0;7,42 EUR;05.03.26;5.008,50 EUR;;7,56;EUR;5.103,00;;;5,32 %
Primary Health Properties;PHP.L;Aktie;A142J2;GB00BYRJ5J14;4,25;1,19 EUR;05.03.26;5.057,50 EUR;;1,13;EUR;4.802,50;;;5,00 %
Rio Tinto;RIO.L;Aktie;852147;GB0007188757;100,0;55,59 EUR;01.07.19;5.559,00 EUR;;80,46;EUR;8.046,00;;;4,75 %
RTL;RRTL.DE;Aktie;861149;LU0061462528;100,0;45,04 EUR;30.06.19;4.504,00 EUR;;32,1;EUR;3.210,00;;;1,89 %
Scor;SCR.PA;Aktie;A0LGQX;FR0010411983;177,0;28,34 EUR;24.06.25;5.016,18 EUR;;33,88;EUR;5.996,76;;;3,54 %
Signify;LIGHT.AS;Aktie;A2AJ7T;NL0011821392;275,0;18,42 EUR;04.03.26;5.065,50 EUR;;14,69;EUR;4.039,75;;;2,38 %
Sixt Vz;SIX3.DE;Aktie;723133;DE0007231334;93,0;53,90 EUR;23.01.26;5.012,70 EUR;;59,2;EUR;5.505,60;;;3,25 %
Standard Life;SDLF.L;Aktie;A2N805;GB00BGXQNP29;601,0;8,33 EUR;03.03.26;5.003,33 EUR;;10,74;EUR;6.454,74;;;3,81 %
Supermarket Income REIT;SUPR.L;Aktie;A2DVHX;GB00BF345X11;5,25;0,96 EUR;05.03.26;5.040,00 EUR;;0,99;EUR;5.197,50;;;5,42 %
TAG Immobilien;TEG.DE;Aktie;830350;DE0008303504;371,0;13,50 EUR;17.03.26;5.008,50 EUR;;13,09;EUR;4.856,39;;;5,06 %
Tanger Factory Outlet;SKT;Aktie;886676;US8754651060;400,0;14,18 USD;03.01.20;5.093,39 EUR;;41,65;USD;14.644,66;;;8,64 %
The Link REIT;0823.HK;Aktie;A0HL3P;HK0823032773;1,21;4,14 EUR;05.03.26;5.009,40 EUR;;4,38;EUR;5.299,80;;;5,52 %
TUI;TUI1.DE;Aktie;TUAG50;DE000TUAG505;600,0;8,64 EUR;01.07.19;5.182,80 EUR;;6,87;EUR;4.123,20;;;2,43 %
VanEck Morningstar Developed Markets Dividend Leaders UCITS ETF EUR Dis.;TDIV.AS;ETF;A2JAHJ;NL0011683594;97,0;51,89 EUR;05.03.26;5.033,33 EUR;;54,53;EUR;5.289,41;;;5,51 %
Wereldhave;WHA.AS;Aktie;853289;NL0000289213;265,0;18,92 EUR;02.10.25;5.013,80 EUR;;18,8;EUR;4.982,00;;;2,94 %
